task_name,s_time,e_time,diff_time,seconds
LOAD,2014-11-07 01:12:48.000688,2014-11-07 01:25:31.604606,00:12:43.603918,763.603918
PERF,2014-11-07 01:25:31.631003,,,
PERF.POWER.RF1,2014-11-07 01:25:37.746191,2014-11-07 01:25:52.858742,00:00:15.112551,15.112551
PERF.POWER.Q14,2014-11-07 01:25:52.886763,2014-11-07 01:26:02.728661,00:00:09.841898,9.841898
PERF.POWER.Q2,2014-11-07 01:26:02.750283,2014-11-07 01:26:10.295818,00:00:07.545535,7.545535
PERF.POWER.Q9,2014-11-07 01:26:10.319404,2014-11-07 01:27:58.98151,00:01:48.662106,108.662106
PERF.POWER.Q20,2014-11-07 01:27:59.005481,2014-11-07 01:28:08.065612,00:00:09.060131,9.060131
PERF.POWER.Q6,2014-11-07 01:28:08.082928,2014-11-07 01:28:25.196785,00:00:17.113857,17.113857
PERF.POWER.Q17,2014-11-07 01:28:25.219063,2014-11-07 01:28:25.713801,00:00:00.494738,0.494738
PERF.POWER.Q18,2014-11-07 01:28:25.735433,2014-11-07 01:29:45.393052,00:01:19.657619,79.657619
PERF.POWER.Q8,2014-11-07 01:29:45.415617,2014-11-07 01:29:56.998789,00:00:11.583172,11.583172
PERF.POWER.Q21,2014-11-07 01:29:57.023453,2014-11-07 01:31:19.797691,00:01:22.774238,82.774238
PERF.POWER.Q13,2014-11-07 01:31:19.81956,2014-11-07 01:32:07.347411,00:00:47.527851,47.527851
PERF.POWER.Q3,2014-11-07 01:32:07.370564,2014-11-07 01:32:51.026027,00:00:43.655463,43.655463
PERF.POWER.Q22,2014-11-07 01:32:51.051158,2014-11-07 01:33:00.438338,00:00:09.38718,9.38718
PERF.POWER.Q16,2014-11-07 01:33:00.461878,2014-11-07 01:33:36.254311,00:00:35.792433,35.792433
PERF.POWER.Q4,2014-11-07 01:33:36.278389,2014-11-07 01:34:34.850516,00:00:58.572127,58.572127
PERF.POWER.Q11,2014-11-07 01:34:34.875835,2014-11-07 01:34:37.694989,00:00:02.819154,2.819154
PERF.POWER.Q15,2014-11-07 01:34:37.711135,2014-11-07 01:34:51.005838,00:00:13.294703,13.294703
PERF.POWER.Q1,2014-11-07 01:34:51.030574,2014-11-07 01:36:09.490737,00:01:18.460163,78.460163
PERF.POWER.Q10,2014-11-07 01:36:09.514331,2014-11-07 01:36:33.716862,00:00:24.202531,24.202531
PERF.POWER.Q19,2014-11-07 01:36:33.738618,2014-11-07 01:36:34.553187,00:00:00.814569,0.814569
PERF.POWER.Q5,2014-11-07 01:36:34.576272,2014-11-07 01:37:22.521204,00:00:47.944932,47.944932
PERF.POWER.Q7,2014-11-07 01:37:22.543317,2014-11-07 01:38:18.289751,00:00:55.746434,55.746434
PERF.POWER.Q12,2014-11-07 01:38:18.311222,2014-11-07 01:38:41.030766,00:00:22.719544,22.719544
PERF.POWER.RF2,2014-11-07 01:38:41.046132,2014-11-07 01:39:16.833728,00:00:35.787596,35.787596
PERF.POWER,2014-11-07 01:25:37.733479,2014-11-07 01:39:16.850226,00:13:39.116747,819.116747
PERF.THRUPUT.QS8.Q19,2014-11-07 01:39:21.576843,2014-11-07 01:39:23.398112,00:00:01.821269,1.821269
PERF.THRUPUT.RFST1.RF1,2014-11-07 01:39:20.963908,2014-11-07 01:39:40.86809,00:00:19.904182,19.904182
PERF.THRUPUT.QS2.Q6,2014-11-07 01:39:21.575486,2014-11-07 01:39:44.982695,00:00:23.407209,23.407209
PERF.THRUPUT.QS10.Q6,2014-11-07 01:39:21.556593,2014-11-07 01:39:44.983863,00:00:23.42727,23.42727
PERF.THRUPUT.QS2.Q17,2014-11-07 01:39:44.998134,2014-11-07 01:39:45.752876,00:00:00.754742,0.754742
PERF.THRUPUT.QS9.Q8,2014-11-07 01:39:21.558634,2014-11-07 01:39:47.860452,00:00:26.301818,26.301818
PERF.THRUPUT.QS3.Q8,2014-11-07 01:39:21.556001,2014-11-07 01:39:48.017005,00:00:26.461004,26.461004
PERF.THRUPUT.QS11.Q15,2014-11-07 01:39:21.559203,2014-11-07 01:39:52.956459,00:00:31.397256,31.397256
PERF.THRUPUT.QS6.Q10,2014-11-07 01:39:21.55721,2014-11-07 01:39:53.764963,00:00:32.207753,32.207753
PERF.THRUPUT.QS2.Q14,2014-11-07 01:39:45.768816,2014-11-07 01:39:55.944983,00:00:10.176167,10.176167
PERF.THRUPUT.QS11.Q14,2014-11-07 01:39:52.972032,2014-11-07 01:40:03.946615,00:00:10.974583,10.974583
PERF.THRUPUT.QS10.Q15,2014-11-07 01:39:44.998054,2014-11-07 01:40:08.334265,00:00:23.336211,23.336211
PERF.THRUPUT.QS4.Q5,2014-11-07 01:39:21.553122,2014-11-07 01:40:33.611761,00:01:12.058639,72.058639
PERF.THRUPUT.RFST1.RF2,2014-11-07 01:39:40.87952,2014-11-07 01:40:38.974724,00:00:58.095204,58.095204
PERF.THRUPUT.RFST1,2014-11-07 01:39:20.950097,2014-11-07 01:40:38.983584,00:01:18.033487,78.033487
PERF.THRUPUT.QS2.Q16,2014-11-07 01:39:55.956099,2014-11-07 01:40:41.940992,00:00:45.984893,45.984893
PERF.THRUPUT.QS2.Q19,2014-11-07 01:40:41.953896,2014-11-07 01:40:43.29309,00:00:01.339194,1.339194
PERF.THRUPUT.QS9.Q13,2014-11-07 01:39:47.871365,2014-11-07 01:40:54.712528,00:01:06.841163,66.841163
PERF.THRUPUT.RFST2.RF1,2014-11-07 01:40:39.274295,2014-11-07 01:40:57.271983,00:00:17.997688,17.997688
PERF.THRUPUT.QS4.Q2,2014-11-07 01:50:54.783254,2014-11-07 01:51:06.294672,00:00:11.511418,11.511418
PERF.THRUPUT.QS12.Q1,2014-11-07 01:39:21.551742,2014-11-07 01:41:01.419494,00:01:39.867752,99.867752
PERF.THRUPUT.QS8.Q1,2014-11-07 01:39:23.413507,2014-11-07 01:41:02.394052,00:01:38.980545,98.980545
PERF.THRUPUT.QS3.Q5,2014-11-07 01:39:48.031096,2014-11-07 01:41:04.281254,00:01:16.250158,76.250158
PERF.THRUPUT.QS6.Q3,2014-11-07 01:39:53.783266,2014-11-07 01:41:05.172503,00:01:11.389237,71.389237
PERF.THRUPUT.QS9.Q2,2014-11-07 01:40:54.756571,2014-11-07 01:41:12.0187,00:00:17.262129,17.262129
PERF.THRUPUT.QS7.Q18,2014-11-07 01:39:21.562433,2014-11-07 01:41:14.209822,00:01:52.647389,112.647389
PERF.THRUPUT.QS9.Q20,2014-11-07 01:41:12.035462,2014-11-07 01:41:23.149309,00:00:11.113847,11.113847
PERF.THRUPUT.QS9.Q17,2014-11-07 01:41:23.162318,2014-11-07 01:41:24.001762,00:00:00.839444,0.839444
PERF.THRUPUT.RFST10.RF1,2014-11-07 01:51:22.675202,2014-11-07 01:51:35.622081,00:00:12.946879,12.946879
PERF.THRUPUT.QS2.Q10,2014-11-07 01:40:43.306936,2014-11-07 01:41:24.09356,00:00:40.786624,40.786624
PERF.THRUPUT.QS1.Q21,2014-11-07 01:39:21.560371,2014-11-07 01:41:32.931275,00:02:11.370904,131.370904
PERF.THRUPUT.QS5.Q21,2014-11-07 01:39:21.560188,2014-11-07 01:41:33.002007,00:02:11.441819,131.441819
PERF.THRUPUT.QS8.Q15,2014-11-07 01:41:02.405933,2014-11-07 01:41:34.061423,00:00:31.65549,31.65549
PERF.THRUPUT.QS6.Q15,2014-11-07 01:41:05.188253,2014-11-07 01:41:34.106897,00:00:28.918644,28.918644
PERF.THRUPUT.QS4.Q10,2014-11-07 01:51:06.310658,2014-11-07 01:51:39.711167,00:00:33.400509,33.400509
PERF.THRUPUT.QS8.Q17,2014-11-07 01:41:34.074066,2014-11-07 01:41:34.930088,00:00:00.856022,0.856022
PERF.THRUPUT.QS8.Q20,2014-11-07 01:51:35.727011,2014-11-07 01:51:47.690895,00:00:11.963884,11.963884
PERF.THRUPUT.QS7.Q8,2014-11-07 01:41:14.22041,2014-11-07 01:41:42.311014,00:00:28.090604,28.090604
PERF.THRUPUT.QS7.Q20,2014-11-07 01:41:42.325215,2014-11-07 01:41:54.485119,00:00:12.159904,12.159904
PERF.THRUPUT.QS5.Q15,2014-11-07 01:41:33.017877,2014-11-07 01:42:00.217874,00:00:27.199997,27.199997
PERF.THRUPUT.QS11.Q18,2014-11-07 01:40:03.959523,2014-11-07 01:42:01.682391,00:01:57.722868,117.722868
PERF.THRUPUT.QS11.Q17,2014-11-07 01:42:01.697181,2014-11-07 01:42:02.516047,00:00:00.818866,0.818866
PERF.THRUPUT.QS10.Q18,2014-11-07 01:40:08.349856,2014-11-07 01:42:02.975031,00:01:54.625175,114.625175
PERF.THRUPUT.QS4.Q21,2014-11-07 01:40:33.626188,2014-11-07 01:42:53.383053,00:02:19.756865,139.756865
PERF.THRUPUT.QS5.Q4,2014-11-07 01:42:00.232763,2014-11-07 01:43:24.396281,00:01:24.163518,84.163518
PERF.THRUPUT.QS7.Q21,2014-11-07 01:41:54.499766,2014-11-07 01:44:05.464359,00:02:10.964593,130.964593
PERF.THRUPUT.QS2.Q9,2014-11-07 01:41:24.107213,2014-11-07 01:45:03.106603,00:03:38.99939,218.99939
PERF.THRUPUT.QS8.Q16,2014-11-07 01:51:47.703779,2014-11-07 01:52:32.6658,00:00:44.962021,44.962021
PERF.THRUPUT.QS6.Q12,2014-11-07 01:52:03.960023,2014-11-07 01:52:36.572685,00:00:32.612662,32.612662
PERF.THRUPUT.RFST10,2014-11-07 01:51:22.66491,2014-11-07 01:52:41.658107,00:01:18.993197,78.993197
PERF.THRUPUT.QS3.Q15,2014-11-07 01:52:21.450531,2014-11-07 01:52:49.295413,00:00:27.844882,27.844882
PERF.THRUPUT.QS8.Q6,2014-11-07 01:52:32.679504,2014-11-07 01:52:52.643187,00:00:19.963683,19.963683
PERF.THRUPUT.QS3.Q11,2014-11-07 01:52:49.313635,2014-11-07 01:52:53.974652,00:00:04.661017,4.661017
PERF.THRUPUT.RFST11.RF1,2014-11-07 01:52:41.677763,2014-11-07 01:52:55.560037,00:00:13.882274,13.882274
PERF.THRUPUT.QS3.Q20,2014-11-07 01:52:53.993066,2014-11-07 01:53:07.663939,00:00:13.670873,13.670873
PERF.THRUPUT.QS7.Q13,2014-11-07 01:52:13.920082,2014-11-07 01:53:19.398714,00:01:05.478632,65.478632
PERF.THRUPUT.QS3.Q2,2014-11-07 01:53:07.676141,2014-11-07 01:53:20.888398,00:00:13.212257,13.212257
PERF.THRUPUT.QS4.Q18,2014-11-07 01:51:39.72693,2014-11-07 01:53:31.657317,00:01:51.930387,111.930387
PERF.THRUPUT.QS5.Q20,2014-11-07 01:54:04.88687,2014-11-07 01:54:19.495745,00:00:14.608875,14.608875
PERF.THRUPUT.QS8.Q13,2014-11-07 01:53:42.392223,2014-11-07 01:54:44.271864,00:01:01.879641,61.879641
PERF.THRUPUT.QS5.Q12,2014-11-07 01:54:19.51505,2014-11-07 01:54:54.284975,00:00:34.769925,34.769925
PERF.THRUPUT.QS5.Q17,2014-11-07 01:54:54.318178,2014-11-07 01:54:55.484412,00:00:01.166234,1.166234
PERF.THRUPUT.QS7.Q7,2014-11-07 01:54:29.45747,2014-11-07 01:55:54.983506,00:01:25.526036,85.526036
PERF.THRUPUT.QS9.Q9,2014-11-07 01:53:15.768146,2014-11-07 01:56:35.845849,00:03:20.077703,200.077703
PERF.THRUPUT.QS9.ALL,2014-11-07 01:39:21.542089,2014-11-07 01:58:42.918704,00:19:21.376615,1161.376615
PERF.THRUPUT.QS7.ALL,2014-11-07 01:39:21.551074,2014-11-07 01:58:43.524131,00:19:21.973057,1161.973057
PERF.THRUPUT.QS8.ALL,2014-11-07 01:39:21.560368,2014-11-07 01:58:44.868592,00:19:23.308224,1163.308224
PERF.THRUPUT.QS6.ALL,2014-11-07 01:39:21.543471,2014-11-07 01:58:50.170642,00:19:28.627171,1168.627171
PERF.THRUPUT.QS3.ALL,2014-11-07 01:39:21.538892,2014-11-07 01:58:52.489442,00:19:30.95055,1170.95055
PERF.THRUPUT.QS10.ALL,2014-11-07 01:39:21.541826,2014-11-07 01:58:55.96268,00:19:34.420854,1174.420854
PERF.THRUPUT.QS2.ALL,2014-11-07 01:39:21.559805,2014-11-07 01:58:56.163649,00:19:34.603844,1174.603844
PERF.THRUPUT.QS5.ALL,2014-11-07 01:39:21.544478,2014-11-07 01:58:57.848488,00:19:36.30401,1176.30401
PERF.THRUPUT.QS1.ALL,2014-11-07 01:39:21.546218,2014-11-07 01:58:59.396298,00:19:37.85008,1177.85008
PERF.THRUPUT.QS11.ALL,2014-11-07 01:39:21.544211,2014-11-07 01:58:59.692203,00:19:38.147992,1178.147992
PERF.THRUPUT.QS12.ALL,2014-11-07 01:39:21.537028,2014-11-07 01:58:59.724111,00:19:38.187083,1178.187083
PERF.THRUPUT.QS4.ALL,2014-11-07 01:39:21.539986,2014-11-07 01:59:10.123962,00:19:48.583976,1188.583976
PERF.THRUPUT,2014-11-07 01:39:20.919156,2014-11-07 01:59:10.136458,00:19:49.217302,1189.217302
PERF.THRUPUT.QS10.Q17,2014-11-07 01:42:02.987736,2014-11-07 01:42:03.79188,00:00:00.804144,0.804144
PERF.THRUPUT.RFST2.RF2,2014-11-07 01:40:57.285469,2014-11-07 01:42:08.862744,00:01:11.577275,71.577275
PERF.THRUPUT.RFST2,2014-11-07 01:40:39.252495,2014-11-07 01:42:08.871629,00:01:29.619134,89.619134
PERF.THRUPUT.RFST3.RF1,2014-11-07 01:42:08.889,2014-11-07 01:42:26.545551,00:00:17.656551,17.656551
PERF.THRUPUT.QS12.Q7,2014-11-07 01:41:01.431268,2014-11-07 01:42:28.211625,00:01:26.780357,86.780357
PERF.THRUPUT.QS11.Q10,2014-11-07 01:42:02.530726,2014-11-07 01:42:37.274425,00:00:34.743699,34.743699
PERF.THRUPUT.QS9.Q3,2014-11-07 01:41:24.015311,2014-11-07 01:42:38.152511,00:01:14.1372,74.1372
PERF.THRUPUT.QS10.Q12,2014-11-07 01:42:03.806042,2014-11-07 01:42:40.824553,00:00:37.018511,37.018511
PERF.THRUPUT.QS3.Q4,2014-11-07 01:41:04.294693,2014-11-07 01:42:41.474297,00:01:37.179604,97.179604
PERF.THRUPUT.QS6.Q13,2014-11-07 01:41:34.121581,2014-11-07 01:42:42.814006,00:01:08.692425,68.692425
PERF.THRUPUT.QS1.Q3,2014-11-07 01:41:32.947465,2014-11-07 01:42:47.756275,00:01:14.80881,74.80881
PERF.THRUPUT.QS11.Q20,2014-11-07 01:42:37.287707,2014-11-07 01:42:48.346564,00:00:11.058857,11.058857
PERF.THRUPUT.QS8.Q5,2014-11-07 01:41:34.944854,2014-11-07 01:42:49.615135,00:01:14.670281,74.670281
PERF.THRUPUT.QS4.Q14,2014-11-07 01:42:53.39831,2014-11-07 01:43:03.40267,00:00:10.00436,10.00436
PERF.THRUPUT.QS9.Q6,2014-11-07 01:42:38.171741,2014-11-07 01:43:04.212669,00:00:26.040928,26.040928
PERF.THRUPUT.QS3.Q6,2014-11-07 01:42:41.487687,2014-11-07 01:43:04.213323,00:00:22.725636,22.725636
PERF.THRUPUT.QS6.Q6,2014-11-07 01:42:42.826353,2014-11-07 01:43:04.21198,00:00:21.385627,21.385627
PERF.THRUPUT.QS4.Q19,2014-11-07 01:43:03.418602,2014-11-07 01:43:04.686368,00:00:01.267766,1.267766
PERF.THRUPUT.QS3.Q17,2014-11-07 01:43:04.227824,2014-11-07 01:43:05.092297,00:00:00.864473,0.864473
PERF.THRUPUT.QS12.Q16,2014-11-07 01:42:28.223877,2014-11-07 01:43:15.405467,00:00:47.18159,47.18159
PERF.THRUPUT.QS12.Q17,2014-11-07 01:43:15.416406,2014-11-07 01:43:16.441006,00:00:01.0246,1.0246
PERF.THRUPUT.QS8.Q8,2014-11-07 01:42:49.631132,2014-11-07 01:43:18.82897,00:00:29.197838,29.197838
PERF.THRUPUT.RFST3.RF2,2014-11-07 01:42:26.557292,2014-11-07 01:43:31.086368,00:01:04.529076,64.529076
PERF.THRUPUT.RFST3,2014-11-07 01:42:08.881881,2014-11-07 01:43:31.095679,00:01:22.213798,82.213798
PERF.THRUPUT.QS6.Q8,2014-11-07 01:43:04.228277,2014-11-07 01:43:31.935522,00:00:27.707245,27.707245
PERF.THRUPUT.QS4.Q15,2014-11-07 01:43:04.699532,2014-11-07 01:43:32.573075,00:00:27.873543,27.873543
PERF.THRUPUT.QS4.Q17,2014-11-07 01:43:32.588762,2014-11-07 01:43:33.515655,00:00:00.926893,0.926893
PERF.THRUPUT.QS11.Q16,2014-11-07 01:42:48.359234,2014-11-07 01:43:35.244123,00:00:46.884889,46.884889
PERF.THRUPUT.QS11.Q11,2014-11-07 01:43:35.260274,2014-11-07 01:43:40.339928,00:00:05.079654,5.079654
PERF.THRUPUT.RFST4.RF1,2014-11-07 01:43:31.112651,2014-11-07 01:43:47.849068,00:00:16.736417,16.736417
PERF.THRUPUT.QS5.Q6,2014-11-07 01:43:24.409082,2014-11-07 01:43:49.224432,00:00:24.81535,24.81535
PERF.THRUPUT.QS4.Q12,2014-11-07 01:43:33.528929,2014-11-07 01:44:10.760661,00:00:37.231732,37.231732
PERF.THRUPUT.QS7.Q2,2014-11-07 01:44:05.477435,2014-11-07 01:44:18.171668,00:00:12.694233,12.694233
PERF.THRUPUT.QS3.Q7,2014-11-07 01:43:05.107025,2014-11-07 01:44:25.479171,00:01:20.372146,80.372146
PERF.THRUPUT.QS10.Q1,2014-11-07 01:42:40.838137,2014-11-07 01:44:26.623907,00:01:45.78577,105.78577
PERF.THRUPUT.QS4.Q6,2014-11-07 01:44:10.772865,2014-11-07 01:44:37.039652,00:00:26.266787,26.266787
PERF.THRUPUT.QS1.Q18,2014-11-07 01:42:47.770364,2014-11-07 01:44:40.758751,00:01:52.988387,112.988387
PERF.THRUPUT.RFST4.RF2,2014-11-07 01:43:47.863567,2014-11-07 01:44:55.884173,00:01:08.020606,68.020606
PERF.THRUPUT.RFST4,2014-11-07 01:43:31.104142,2014-11-07 01:44:55.8935,00:01:24.789358,84.789358
PERF.THRUPUT.QS9.Q21,2014-11-07 01:43:04.2279,2014-11-07 01:45:06.971067,00:02:02.743167,122.743167
PERF.THRUPUT.QS12.Q18,2014-11-07 01:43:16.455148,2014-11-07 01:45:09.342805,00:01:52.887657,112.887657
PERF.THRUPUT.QS5.Q7,2014-11-07 01:43:49.237747,2014-11-07 01:45:09.650348,00:01:20.412601,80.412601
PERF.THRUPUT.RFST5.RF1,2014-11-07 01:44:55.909166,2014-11-07 01:45:11.778,00:00:15.868834,15.868834
PERF.THRUPUT.QS2.Q2,2014-11-07 01:45:03.12064,2014-11-07 01:45:16.414603,00:00:13.293963,13.293963
PERF.THRUPUT.QS11.Q1,2014-11-07 01:43:40.388195,2014-11-07 01:45:25.449895,00:01:45.0617,105.0617
PERF.THRUPUT.QS12.Q22,2014-11-07 01:45:09.368738,2014-11-07 01:45:25.939996,00:00:16.571258,16.571258
PERF.THRUPUT.QS7.Q4,2014-11-07 01:44:18.18724,2014-11-07 01:45:38.02301,00:01:19.83577,79.83577
PERF.THRUPUT.QS2.Q15,2014-11-07 01:45:16.428934,2014-11-07 01:45:44.946489,00:00:28.517555,28.517555
PERF.THRUPUT.QS10.Q7,2014-11-07 01:44:26.639448,2014-11-07 01:45:49.284427,00:01:22.644979,82.644979
PERF.THRUPUT.QS7.Q22,2014-11-07 01:45:38.038571,2014-11-07 01:45:51.566491,00:00:13.52792,13.52792
PERF.THRUPUT.QS7.Q17,2014-11-07 01:45:51.58149,2014-11-07 01:45:52.581152,00:00:00.999662,0.999662
PERF.THRUPUT.QS11.Q8,2014-11-07 01:45:25.46641,2014-11-07 01:45:53.004387,00:00:27.537977,27.537977
PERF.THRUPUT.QS5.Q16,2014-11-07 01:45:09.682794,2014-11-07 01:45:54.624695,00:00:44.941901,44.941901
PERF.THRUPUT.QS1.Q5,2014-11-07 01:44:40.774724,2014-11-07 01:45:55.851309,00:01:15.076585,75.076585
PERF.THRUPUT.QS5.Q19,2014-11-07 01:45:54.637889,2014-11-07 01:45:56.311192,00:00:01.673303,1.673303
PERF.THRUPUT.QS1.Q11,2014-11-07 01:45:55.869621,2014-11-07 01:45:58.991495,00:00:03.121874,3.121874
PERF.THRUPUT.QS4.Q4,2014-11-07 01:44:37.052043,2014-11-07 01:46:00.667434,00:01:23.615391,83.615391
PERF.THRUPUT.QS12.Q12,2014-11-07 01:45:25.954527,2014-11-07 01:46:00.740547,00:00:34.78602,34.78602
PERF.THRUPUT.QS10.Q2,2014-11-07 01:45:49.301614,2014-11-07 01:46:03.348877,00:00:14.047263,14.047263
PERF.THRUPUT.QS7.Q19,2014-11-07 01:50:59.73931,2014-11-07 01:51:01.507184,00:00:01.767874,1.767874
PERF.THRUPUT.QS3.Q1,2014-11-07 01:44:25.495242,2014-11-07 01:46:11.791752,00:01:46.29651,106.29651
PERF.THRUPUT.QS2.Q8,2014-11-07 01:45:44.961183,2014-11-07 01:46:13.72462,00:00:28.763437,28.763437
PERF.THRUPUT.RFST5.RF2,2014-11-07 01:45:11.791023,2014-11-07 01:46:16.084864,00:01:04.293841,64.293841
PERF.THRUPUT.RFST5,2014-11-07 01:44:55.902091,2014-11-07 01:46:16.094678,00:01:20.192587,80.192587
PERF.THRUPUT.QS8.Q9,2014-11-07 01:43:18.842273,2014-11-07 01:46:55.005752,00:03:36.163479,216.163479
PERF.THRUPUT.QS9.Q18,2014-11-07 01:45:07.010269,2014-11-07 01:46:56.906279,00:01:49.89601,109.89601
PERF.THRUPUT.QS6.Q9,2014-11-07 01:43:31.950661,2014-11-07 01:47:09.567413,00:03:37.616752,217.616752
PERF.THRUPUT.QS11.Q4,2014-11-07 01:45:53.021112,2014-11-07 01:47:15.159307,00:01:22.138195,82.138195
PERF.THRUPUT.QS1.Q7,2014-11-07 01:45:59.00655,2014-11-07 01:47:18.313928,00:01:19.307378,79.307378
PERF.THRUPUT.QS2.Q5,2014-11-07 01:46:13.738986,2014-11-07 01:47:24.746931,00:01:11.007945,71.007945
PERF.THRUPUT.QS7.Q1,2014-11-07 01:45:52.594936,2014-11-07 01:47:33.156741,00:01:40.561805,100.561805
PERF.THRUPUT.QS5.Q18,2014-11-07 01:45:56.32651,2014-11-07 01:47:42.698371,00:01:46.371861,106.371861
PERF.THRUPUT.QS3.Q18,2014-11-07 01:46:11.807559,2014-11-07 01:47:56.931142,00:01:45.123583,105.123583
PERF.THRUPUT.QS4.Q9,2014-11-07 01:46:00.683987,2014-11-07 01:49:39.873451,00:03:39.189464,219.189464
PERF.THRUPUT.QS1.Q2,2014-11-07 01:51:24.331785,2014-11-07 01:51:36.302218,00:00:11.970433,11.970433
PERF.THRUPUT.QS1.Q8,2014-11-07 01:51:36.318833,2014-11-07 01:52:03.377393,00:00:27.05856,27.05856
PERF.THRUPUT.QS3.Q10,2014-11-07 01:51:48.44671,2014-11-07 01:52:21.430991,00:00:32.984281,32.984281
PERF.THRUPUT.QS5.Q2,2014-11-07 01:52:14.386825,2014-11-07 01:52:28.78803,00:00:14.401205,14.401205
PERF.THRUPUT.QS9.Q7,2014-11-07 01:51:19.504226,2014-11-07 01:52:41.942675,00:01:22.438449,82.438449
PERF.THRUPUT.QS8.Q22,2014-11-07 01:52:52.667298,2014-11-07 01:53:08.674109,00:00:16.006811,16.006811
PERF.THRUPUT.QS9.Q12,2014-11-07 01:52:41.957264,2014-11-07 01:53:15.752764,00:00:33.7955,33.7955
PERF.THRUPUT.QS12.Q5,2014-11-07 01:52:05.067297,2014-11-07 01:53:21.461287,00:01:16.39399,76.39399
PERF.THRUPUT.QS12.Q20,2014-11-07 01:53:21.477193,2014-11-07 01:53:34.83636,00:00:13.359167,13.359167
PERF.THRUPUT.QS5.Q5,2014-11-07 01:52:28.79967,2014-11-07 01:53:40.777421,00:01:11.977751,71.977751
PERF.THRUPUT.QS8.Q10,2014-11-07 01:53:08.688474,2014-11-07 01:53:42.358411,00:00:33.669937,33.669937
PERF.THRUPUT.RFST11.RF2,2014-11-07 01:52:55.571206,2014-11-07 01:53:58.815234,00:01:03.244028,63.244028
PERF.THRUPUT.RFST11,2014-11-07 01:52:41.667087,2014-11-07 01:53:58.824897,00:01:17.15781,77.15781
PERF.THRUPUT.QS5.Q8,2014-11-07 01:53:40.792414,2014-11-07 01:54:04.872564,00:00:24.08015,24.08015
PERF.THRUPUT.RFST12.RF1,2014-11-07 01:53:58.841282,2014-11-07 01:54:12.278067,00:00:13.436785,13.436785
PERF.THRUPUT.QS6.Q1,2014-11-07 01:52:36.584923,2014-11-07 01:54:21.020571,00:01:44.435648,104.435648
PERF.THRUPUT.QS7.Q5,2014-11-07 01:53:19.415062,2014-11-07 01:54:29.440799,00:01:10.025737,70.025737
PERF.THRUPUT.QS8.Q2,2014-11-07 01:54:44.286737,2014-11-07 01:54:58.780292,00:00:14.493555,14.493555
PERF.THRUPUT.QS10.Q3,2014-11-07 01:53:44.637211,2014-11-07 01:54:59.054264,00:01:14.417053,74.417053
PERF.THRUPUT.QS11.Q21,2014-11-07 01:54:06.72114,2014-11-07 01:56:11.669761,00:02:04.948621,124.948621
PERF.THRUPUT.QS8.Q21,2014-11-07 01:54:58.794333,2014-11-07 01:56:58.659752,00:01:59.865419,119.865419
PERF.THRUPUT.QS10.Q22,2014-11-07 01:46:03.369921,2014-11-07 01:46:18.841196,00:00:15.471275,15.471275
PERF.THRUPUT.QS12.Q6,2014-11-07 01:46:00.755202,2014-11-07 01:46:23.770834,00:00:23.015632,23.015632
PERF.THRUPUT.RFST6.RF1,2014-11-07 01:46:16.111683,2014-11-07 01:46:29.72973,00:00:13.618047,13.618047
PERF.THRUPUT.QS12.Q8,2014-11-07 01:46:23.818131,2014-11-07 01:46:50.154899,00:00:26.336768,26.336768
PERF.THRUPUT.QS9.Q11,2014-11-07 01:46:56.920729,2014-11-07 01:47:01.122085,00:00:04.201356,4.201356
PERF.THRUPUT.QS9.Q19,2014-11-07 01:47:01.133663,2014-11-07 01:47:02.399281,00:00:01.265618,1.265618
PERF.THRUPUT.QS10.Q13,2014-11-07 01:46:18.857145,2014-11-07 01:47:16.959429,00:00:58.102284,58.102284
PERF.THRUPUT.QS8.Q12,2014-11-07 01:46:55.018535,2014-11-07 01:47:27.177139,00:00:32.158604,32.158604
PERF.THRUPUT.RFST6.RF2,2014-11-07 01:46:29.740368,2014-11-07 01:47:27.229969,00:00:57.489601,57.489601
PERF.THRUPUT.RFST6,2014-11-07 01:46:16.102807,2014-11-07 01:47:27.240964,00:01:11.138157,71.138157
PERF.THRUPUT.QS9.Q10,2014-11-07 01:47:02.414098,2014-11-07 01:47:29.59887,00:00:27.184772,27.184772
PERF.THRUPUT.QS11.Q22,2014-11-07 01:47:15.173955,2014-11-07 01:47:31.558608,00:00:16.384653,16.384653
PERF.THRUPUT.QS7.Q11,2014-11-07 01:47:33.178295,2014-11-07 01:47:38.930013,00:00:05.751718,5.751718
PERF.THRUPUT.QS8.Q14,2014-11-07 01:47:27.192338,2014-11-07 01:47:41.154501,00:00:13.962163,13.962163
PERF.THRUPUT.QS2.Q22,2014-11-07 01:47:24.75946,2014-11-07 01:47:41.261105,00:00:16.501645,16.501645
PERF.THRUPUT.QS1.Q6,2014-11-07 01:47:18.327993,2014-11-07 01:47:42.567999,00:00:24.240006,24.240006
PERF.THRUPUT.RFST7.RF1,2014-11-07 01:47:27.263442,2014-11-07 01:47:43.011998,00:00:15.748556,15.748556
PERF.THRUPUT.QS5.Q14,2014-11-07 01:47:42.716031,2014-11-07 01:47:55.411549,00:00:12.695518,12.695518
PERF.THRUPUT.QS1.Q20,2014-11-07 01:47:42.590319,2014-11-07 01:47:55.9532,00:00:13.362881,13.362881
PERF.THRUPUT.QS9.Q15,2014-11-07 01:47:29.61294,2014-11-07 01:47:56.376509,00:00:26.763569,26.763569
PERF.THRUPUT.QS1.Q17,2014-11-07 01:47:55.970303,2014-11-07 01:47:56.92047,00:00:00.950167,0.950167
PERF.THRUPUT.QS5.Q22,2014-11-07 01:47:55.426983,2014-11-07 01:48:12.472189,00:00:17.045206,17.045206
PERF.THRUPUT.QS3.Q22,2014-11-07 01:47:56.944111,2014-11-07 01:48:13.32773,00:00:16.383619,16.383619
PERF.THRUPUT.QS2.Q12,2014-11-07 01:47:41.278295,2014-11-07 01:48:16.873469,00:00:35.595174,35.595174
PERF.THRUPUT.QS5.Q11,2014-11-07 01:48:12.490165,2014-11-07 01:48:18.797179,00:00:06.307014,6.307014
PERF.THRUPUT.QS3.Q14,2014-11-07 01:48:13.355326,2014-11-07 01:48:26.798783,00:00:13.443457,13.443457
PERF.THRUPUT.QS1.Q12,2014-11-07 01:47:56.94596,2014-11-07 01:48:31.695784,00:00:34.749824,34.749824
PERF.THRUPUT.QS6.Q7,2014-11-07 01:47:09.583138,2014-11-07 01:48:35.253411,00:01:25.670273,85.670273
PERF.THRUPUT.QS11.Q5,2014-11-07 01:47:31.57599,2014-11-07 01:48:47.043267,00:01:15.467277,75.467277
PERF.THRUPUT.RFST7.RF2,2014-11-07 01:47:43.023192,2014-11-07 01:48:55.327511,00:01:12.304319,72.304319
PERF.THRUPUT.RFST7,2014-11-07 01:47:27.252961,2014-11-07 01:48:55.339903,00:01:28.086942,88.086942
PERF.THRUPUT.QS8.Q7,2014-11-07 01:47:41.175528,2014-11-07 01:49:06.998693,00:01:25.823165,85.823165
PERF.THRUPUT.RFST8.RF1,2014-11-07 01:48:55.358489,2014-11-07 01:49:08.773036,00:00:13.414547,13.414547
PERF.THRUPUT.QS1.Q16,2014-11-07 01:48:31.709582,2014-11-07 01:49:17.430276,00:00:45.720694,45.720694
PERF.THRUPUT.QS11.Q12,2014-11-07 01:48:47.058021,2014-11-07 01:49:19.403691,00:00:32.34567,32.34567
PERF.THRUPUT.QS5.Q13,2014-11-07 01:48:18.812216,2014-11-07 01:49:21.1975,00:01:02.385284,62.385284
PERF.THRUPUT.QS9.Q4,2014-11-07 01:47:56.390928,2014-11-07 01:49:21.412847,00:01:25.021919,85.021919
PERF.THRUPUT.QS10.Q21,2014-11-07 01:47:16.97542,2014-11-07 01:49:25.251988,00:02:08.276568,128.276568
PERF.THRUPUT.QS2.Q7,2014-11-07 01:48:16.889087,2014-11-07 01:49:35.915651,00:01:19.026564,79.026564
PERF.THRUPUT.QS9.Q22,2014-11-07 01:49:21.428934,2014-11-07 01:49:38.873364,00:00:17.44443,17.44443
PERF.THRUPUT.QS1.Q15,2014-11-07 01:49:17.446392,2014-11-07 01:49:45.250908,00:00:27.804516,27.804516
PERF.THRUPUT.QS10.Q10,2014-11-07 01:49:25.267447,2014-11-07 01:49:54.231728,00:00:28.964281,28.964281
PERF.THRUPUT.QS6.Q4,2014-11-07 01:48:35.267538,2014-11-07 01:49:59.414351,00:01:24.146813,84.146813
PERF.THRUPUT.QS6.Q11,2014-11-07 01:49:59.433661,2014-11-07 01:50:04.051876,00:00:04.618215,4.618215
PERF.THRUPUT.QS10.Q14,2014-11-07 01:49:54.246461,2014-11-07 01:50:06.060373,00:00:11.813912,11.813912
PERF.THRUPUT.QS4.Q8,2014-11-07 01:49:39.889066,2014-11-07 01:50:07.657415,00:00:27.768349,27.768349
PERF.THRUPUT.RFST8.RF2,2014-11-07 01:49:08.78521,2014-11-07 01:50:09.163111,00:01:00.377901,60.377901
PERF.THRUPUT.RFST8,2014-11-07 01:48:55.348703,2014-11-07 01:50:09.172605,00:01:13.823902,73.823902
PERF.THRUPUT.QS6.Q22,2014-11-07 01:50:04.067739,2014-11-07 01:50:17.77633,00:00:13.708591,13.708591
PERF.THRUPUT.RFST9.RF1,2014-11-07 01:50:09.326823,2014-11-07 01:50:22.524786,00:00:13.197963,13.197963
PERF.THRUPUT.QS12.Q9,2014-11-07 01:46:50.169556,2014-11-07 01:50:25.942169,00:03:35.772613,215.772613
PERF.THRUPUT.QS11.Q3,2014-11-07 01:49:19.421682,2014-11-07 01:50:27.435809,00:01:08.014127,68.014127
PERF.THRUPUT.QS5.Q3,2014-11-07 01:49:21.218863,2014-11-07 01:50:28.771365,00:01:07.552502,67.552502
PERF.THRUPUT.QS12.Q11,2014-11-07 01:50:25.957221,2014-11-07 01:50:28.931827,00:00:02.974606,2.974606
PERF.THRUPUT.QS8.Q4,2014-11-07 01:49:07.025696,2014-11-07 01:50:29.006968,00:01:21.981272,81.981272
PERF.THRUPUT.QS2.Q13,2014-11-07 01:49:35.929729,2014-11-07 01:50:40.998023,00:01:05.068294,65.068294
PERF.THRUPUT.QS1.Q13,2014-11-07 01:49:45.265244,2014-11-07 01:50:50.008504,00:01:04.74326,64.74326
PERF.THRUPUT.QS4.Q16,2014-11-07 01:50:07.671047,2014-11-07 01:50:50.372004,00:00:42.700957,42.700957
PERF.THRUPUT.QS4.Q11,2014-11-07 01:50:50.38934,2014-11-07 01:50:54.768902,00:00:04.379562,4.379562
PERF.THRUPUT.QS7.Q9,2014-11-07 01:47:38.954937,2014-11-07 01:50:59.724456,00:03:20.769519,200.769519
PERF.THRUPUT.QS9.Q1,2014-11-07 01:49:38.888117,2014-11-07 01:51:19.491487,00:01:40.60337,100.60337
PERF.THRUPUT.RFST9.RF2,2014-11-07 01:50:22.534072,2014-11-07 01:51:22.646087,00:01:00.112015,60.112015
PERF.THRUPUT.RFST9,2014-11-07 01:50:09.317925,2014-11-07 01:51:22.655052,00:01:13.337127,73.337127
PERF.THRUPUT.QS1.Q10,2014-11-07 01:50:50.024909,2014-11-07 01:51:24.316783,00:00:34.291874,34.291874
PERF.THRUPUT.QS8.Q3,2014-11-07 01:50:29.019433,2014-11-07 01:51:35.711481,00:01:06.692048,66.692048
PERF.THRUPUT.QS3.Q9,2014-11-07 01:48:26.814758,2014-11-07 01:51:48.365912,00:03:21.551154,201.551154
PERF.THRUPUT.QS12.Q4,2014-11-07 01:50:28.947078,2014-11-07 01:51:52.596256,00:01:23.649178,83.649178
PERF.THRUPUT.QS6.Q18,2014-11-07 01:50:17.79477,2014-11-07 01:52:03.94186,00:01:46.14709,106.14709
PERF.THRUPUT.QS12.Q2,2014-11-07 01:51:52.631957,2014-11-07 01:52:05.052248,00:00:12.420291,12.420291
PERF.THRUPUT.QS1.Q14,2014-11-07 01:52:03.393072,2014-11-07 01:52:13.839703,00:00:10.446631,10.446631
PERF.THRUPUT.QS7.Q3,2014-11-07 01:51:01.523201,2014-11-07 01:52:13.908807,00:01:12.385606,72.385606
PERF.THRUPUT.QS5.Q1,2014-11-07 01:50:28.782896,2014-11-07 01:52:14.373091,00:01:45.590195,105.590195
PERF.THRUPUT.QS1.Q19,2014-11-07 01:52:13.854811,2014-11-07 01:52:15.478383,00:00:01.623572,1.623572
PERF.THRUPUT.QS2.Q18,2014-11-07 01:50:41.009926,2014-11-07 01:52:31.080982,00:01:50.071056,110.071056
PERF.THRUPUT.RFST10.RF2,2014-11-07 01:51:35.63345,2014-11-07 01:52:41.647663,00:01:06.014213,66.014213
PERF.THRUPUT.QS10.Q9,2014-11-07 01:50:06.072867,2014-11-07 01:53:44.624122,00:03:38.551255,218.551255
PERF.THRUPUT.QS11.Q9,2014-11-07 01:50:27.454076,2014-11-07 01:54:06.679549,00:03:39.225473,219.225473
PERF.THRUPUT.QS2.Q1,2014-11-07 01:52:31.097011,2014-11-07 01:54:12.442568,00:01:41.345557,101.345557
PERF.THRUPUT.QS1.Q9,2014-11-07 01:52:15.493661,2014-11-07 01:55:47.776126,00:03:32.282465,212.282465
PERF.THRUPUT.QS4.Q1,2014-11-07 01:53:31.709976,2014-11-07 01:55:20.387379,00:01:48.677403,108.677403
PERF.THRUPUT.RFST12.RF2,2014-11-07 01:54:12.292047,2014-11-07 01:55:23.519842,00:01:11.227795,71.227795
PERF.THRUPUT.RFST12,2014-11-07 01:53:58.831944,2014-11-07 01:55:23.53015,00:01:24.698206,84.698206
PERF.THRUPUT.QS3.Q21,2014-11-07 01:53:20.902944,2014-11-07 01:55:26.135898,00:02:05.232954,125.232954
PERF.THRUPUT.QS3.Q19,2014-11-07 01:55:26.152361,2014-11-07 01:55:27.703847,00:00:01.551486,1.551486
PERF.THRUPUT.QS5.Q10,2014-11-07 01:54:55.500109,2014-11-07 01:55:31.416849,00:00:35.91674,35.91674
PERF.THRUPUT.QS6.Q5,2014-11-07 01:54:21.036677,2014-11-07 01:55:37.402996,00:01:16.366319,76.366319
PERF.THRUPUT.QS12.Q21,2014-11-07 01:53:34.850433,2014-11-07 01:55:40.090482,00:02:05.240049,125.240049
PERF.THRUPUT.QS2.Q4,2014-11-07 01:54:12.463571,2014-11-07 01:55:41.886086,00:01:29.422515,89.422515
PERF.THRUPUT.QS10.Q16,2014-11-07 01:54:59.070765,2014-11-07 01:55:44.106661,00:00:45.035896,45.035896
PERF.THRUPUT.QS2.Q20,2014-11-07 01:55:41.899192,2014-11-07 01:55:53.511639,00:00:11.612447,11.612447
PERF.THRUPUT.QS10.Q20,2014-11-07 01:55:44.121923,2014-11-07 01:55:55.874594,00:00:11.752671,11.752671
PERF.THRUPUT.QS10.Q19,2014-11-07 01:55:55.888512,2014-11-07 01:55:57.078715,00:00:01.190203,1.190203
PERF.THRUPUT.QS10.Q11,2014-11-07 01:55:57.097008,2014-11-07 01:56:01.275666,00:00:04.178658,4.178658
PERF.THRUPUT.QS1.Q22,2014-11-07 01:55:47.791889,2014-11-07 01:56:02.554189,00:00:14.7623,14.7623
PERF.THRUPUT.QS11.Q2,2014-11-07 01:56:11.684291,2014-11-07 01:56:20.951324,00:00:09.267033,9.267033
PERF.THRUPUT.QS6.Q16,2014-11-07 01:55:37.418376,2014-11-07 01:56:21.10746,00:00:43.689084,43.689084
PERF.THRUPUT.QS4.Q13,2014-11-07 01:55:20.404366,2014-11-07 01:56:23.398958,00:01:02.994592,62.994592
PERF.THRUPUT.QS7.Q10,2014-11-07 01:55:54.997611,2014-11-07 01:56:24.09615,00:00:29.098539,29.098539
PERF.THRUPUT.QS6.Q2,2014-11-07 01:56:21.123505,2014-11-07 01:56:29.059437,00:00:07.935932,7.935932
PERF.THRUPUT.QS3.Q13,2014-11-07 01:55:27.717927,2014-11-07 01:56:29.584261,00:01:01.866334,61.866334
PERF.THRUPUT.QS6.Q14,2014-11-07 01:56:29.075163,2014-11-07 01:56:39.895628,00:00:10.820465,10.820465
PERF.THRUPUT.QS6.Q19,2014-11-07 01:56:39.910838,2014-11-07 01:56:41.184798,00:00:01.27396,1.27396
PERF.THRUPUT.QS12.Q13,2014-11-07 01:55:40.104277,2014-11-07 01:56:41.670731,00:01:01.566454,61.566454
PERF.THRUPUT.QS9.Q14,2014-11-07 01:56:35.861164,2014-11-07 01:56:46.370315,00:00:10.509151,10.509151
PERF.THRUPUT.QS6.Q20,2014-11-07 01:56:41.199571,2014-11-07 01:56:51.793094,00:00:10.593523,10.593523
PERF.THRUPUT.QS6.Q17,2014-11-07 01:56:51.807031,2014-11-07 01:56:52.582976,00:00:00.775945,0.775945
PERF.THRUPUT.QS2.Q3,2014-11-07 01:55:53.525871,2014-11-07 01:56:58.033651,00:01:04.50778,64.50778
PERF.THRUPUT.QS2.Q11,2014-11-07 01:56:58.049178,2014-11-07 01:57:01.819306,00:00:03.770128,3.770128
PERF.THRUPUT.QS7.Q16,2014-11-07 01:56:24.111462,2014-11-07 01:57:06.032943,00:00:41.921481,41.921481
PERF.THRUPUT.QS12.Q10,2014-11-07 01:56:41.686046,2014-11-07 01:57:08.97263,00:00:27.286584,27.286584
PERF.THRUPUT.QS12.Q19,2014-11-07 01:57:08.988507,2014-11-07 01:57:10.53902,00:00:01.550513,1.550513
PERF.THRUPUT.QS3.Q16,2014-11-07 01:56:29.599445,2014-11-07 01:57:12.713373,00:00:43.113928,43.113928
PERF.THRUPUT.QS10.Q4,2014-11-07 01:56:01.289558,2014-11-07 01:57:16.432176,00:01:15.142618,75.142618
PERF.THRUPUT.QS11.Q13,2014-11-07 01:56:20.967206,2014-11-07 01:57:20.590032,00:00:59.622826,59.622826
PERF.THRUPUT.QS7.Q6,2014-11-07 01:57:06.047716,2014-11-07 01:57:29.183543,00:00:23.135827,23.135827
PERF.THRUPUT.QS1.Q1,2014-11-07 01:56:02.569594,2014-11-07 01:57:37.965023,00:01:35.395429,95.395429
PERF.THRUPUT.QS7.Q14,2014-11-07 01:57:29.199741,2014-11-07 01:57:40.932433,00:00:11.732692,11.732692
PERF.THRUPUT.QS10.Q8,2014-11-07 01:57:16.446522,2014-11-07 01:57:41.994006,00:00:25.547484,25.547484
PERF.THRUPUT.QS4.Q7,2014-11-07 01:56:23.415097,2014-11-07 01:57:43.413843,00:01:19.998746,79.998746
PERF.THRUPUT.QS11.Q6,2014-11-07 01:57:20.605245,2014-11-07 01:57:44.406237,00:00:23.800992,23.800992
PERF.THRUPUT.QS3.Q12,2014-11-07 01:57:12.729947,2014-11-07 01:57:44.422252,00:00:31.692305,31.692305
PERF.THRUPUT.QS11.Q19,2014-11-07 01:57:44.419814,2014-11-07 01:57:46.106996,00:00:01.687182,1.687182
PERF.THRUPUT.QS4.Q22,2014-11-07 01:57:43.431588,2014-11-07 01:57:57.982885,00:00:14.551297,14.551297
PERF.THRUPUT.QS9.Q5,2014-11-07 01:56:46.381919,2014-11-07 01:57:58.99105,00:01:12.609131,72.609131
PERF.THRUPUT.QS7.Q15,2014-11-07 01:57:40.948841,2014-11-07 01:58:10.310087,00:00:29.361246,29.361246
PERF.THRUPUT.QS12.Q3,2014-11-07 01:57:10.55567,2014-11-07 01:58:20.686492,00:01:10.130822,70.130822
PERF.THRUPUT.QS12.Q14,2014-11-07 01:58:20.702375,2014-11-07 01:58:34.459265,00:00:13.75689,13.75689
PERF.THRUPUT.QS8.Q18,2014-11-07 01:56:58.673975,2014-11-07 01:58:40.548741,00:01:41.874766,101.874766
PERF.THRUPUT.QS9.Q16,2014-11-07 01:57:59.005354,2014-11-07 01:58:42.908908,00:00:43.903554,43.903554
PERF.THRUPUT.QS7.Q12,2014-11-07 01:58:10.32181,2014-11-07 01:58:43.51447,00:00:33.19266,33.19266
PERF.THRUPUT.QS8.Q11,2014-11-07 01:58:40.568095,2014-11-07 01:58:44.858647,00:00:04.290552,4.290552
PERF.THRUPUT.QS6.Q21,2014-11-07 01:56:52.598754,2014-11-07 01:58:50.161451,00:01:57.562697,117.562697
PERF.THRUPUT.QS3.Q3,2014-11-07 01:57:44.43699,2014-11-07 01:58:52.477665,00:01:08.040675,68.040675
PERF.THRUPUT.QS10.Q5,2014-11-07 01:57:42.008418,2014-11-07 01:58:55.951339,00:01:13.942921,73.942921
PERF.THRUPUT.QS2.Q21,2014-11-07 01:57:01.833921,2014-11-07 01:58:56.154633,00:01:54.320712,114.320712
PERF.THRUPUT.QS5.Q9,2014-11-07 01:55:31.432716,2014-11-07 01:58:57.837038,00:03:26.404322,206.404322
PERF.THRUPUT.QS1.Q4,2014-11-07 01:57:37.983717,2014-11-07 01:58:59.383555,00:01:21.399838,81.399838
PERF.THRUPUT.QS11.Q7,2014-11-07 01:57:46.121422,2014-11-07 01:58:59.683016,00:01:13.561594,73.561594
PERF.THRUPUT.QS12.Q15,2014-11-07 01:58:34.475735,2014-11-07 01:58:59.713797,00:00:25.238062,25.238062
PERF.THRUPUT.QS4.Q3,2014-11-07 01:57:57.998129,2014-11-07 01:59:02.442593,00:01:04.444464,64.444464
PERF.THRUPUT.QS4.Q20,2014-11-07 01:59:02.465797,2014-11-07 01:59:10.113127,00:00:07.64733,7.64733
