ctime,schemaname,relname,seq_scan,seq_tup_read,idx_scan,idx_tup_fetch,n_tup_ins,n_tup_upd,n_tup_del,n_tup_hot_upd,n_live_tup,n_dead_tup,heap_blks_read,heap_blks_hit,idx_blks_read,idx_blks_hit,toast_blks_read,toast_blks_hit,tidx_blks_read,tidx_blks_hit
1415322768.1,pg_catalog,pg_auth_members,0,0,0,0,0,0,0,0,0,0,0,0,0,0,,,,
1415322768.1,pg_catalog,pg_operator,0,0,126264,632767,0,0,0,0,0,0,1456,446032,1296,275773,,,,
1415322768.1,pg_catalog,pg_aggregate,0,0,8656,8656,0,0,0,0,0,0,216,8440,562,14558,,,,
1415322768.1,pg_catalog,pg_pltemplate,0,0,0,0,0,0,0,0,0,0,0,0,0,0,,,,
1415322768.1,pg_toast,pg_toast_11615,0,0,0,0,0,0,0,0,0,0,0,0,0,0,,,,
1415322768.1,pg_catalog,pg_description,0,0,2099,0,0,0,0,0,0,0,0,0,635,4044,0,0,0,0
1415322768.1,pg_catalog,pg_language,0,0,0,0,0,0,0,0,0,0,0,0,0,0,,,,
1415322768.1,pg_catalog,pg_ts_parser,0,0,0,0,0,0,0,0,0,0,0,0,0,0,,,,
1415322768.1,public,part,0,0,,,0,0,0,0,0,0,0,0,,,,,,
1415322768.1,pg_catalog,pg_shseclabel,0,0,0,0,0,0,0,0,0,0,0,0,0,0,,,,
1415322768.1,public,region,2,10,0,0,5,0,0,0,5,0,1,3,0,0,,,,
1415322768.1,pg_catalog,pg_foreign_table,0,0,0,0,0,0,0,0,0,0,0,0,0,0,,,,
1415322768.1,pg_toast,pg_toast_11620,0,0,0,0,0,0,0,0,0,0,0,0,0,0,,,,
1415322768.1,pg_catalog,pg_attrdef,0,0,0,0,0,0,0,0,0,0,0,0,0,0,0,0,0,0
1415322768.1,pg_catalog,pg_ts_template,0,0,0,0,0,0,0,0,0,0,0,0,0,0,,,,
1415322768.1,pg_catalog,pg_foreign_server,0,0,0,0,0,0,0,0,0,0,0,0,0,0,,,,
1415322768.1,pg_catalog,pg_default_acl,0,0,1964,0,0,0,0,0,0,0,0,0,202,1762,,,,
1415322768.1,public,lineitem,0,0,,,0,0,0,0,0,0,0,0,,,,,,
1415322768.1,pg_toast,pg_toast_11595,0,0,0,0,0,0,0,0,0,0,0,0,0,0,,,,
1415322768.1,information_schema,sql_packages,0,0,,,0,0,0,0,0,0,0,0,,,0,0,0,0
1415322768.1,pg_catalog,pg_attribute,1155,7665,336932,745801,3026,72,2890,58,2383,700,6611,361140,1871,702592,,,,
1415322768.1,pg_catalog,pg_statistic,0,0,92401,88656,606,1895,599,1515,456,144,6329,87728,711,198309,17433,88713,230,77510
1415322768.1,pg_toast,pg_toast_2618,0,0,1788,5800,0,0,0,0,0,0,1395,1723,493,2211,,,,
1415322768.1,pg_toast,pg_toast_3596,0,0,0,0,0,0,0,0,0,0,0,0,0,0,,,,
1415322768.1,information_schema,sql_features,0,0,,,0,0,0,0,0,0,0,0,,,0,0,0,0
1415322768.1,pg_catalog,pg_depend,0,0,19998,21488,3677,0,3644,0,6237,1141,3277,24947,5135,51559,,,,
1415322768.1,pg_toast,pg_toast_11605,0,0,0,0,0,0,0,0,0,0,0,0,0,0,,,,
1415322768.1,pg_catalog,pg_opclass,210,210,98482,1058870,0,0,0,0,0,0,128,378493,486,121855,,,,
1415322768.1,pg_catalog,pg_proc,0,0,148989,220510,0,0,0,0,0,0,9857,155325,3587,329125,0,0,0,0
1415322768.1,public,partsupp,0,0,,,0,0,0,0,0,0,0,0,,,,,,
1415322768.1,pg_catalog,pg_trigger,0,0,0,0,0,0,0,0,0,0,0,0,0,0,0,0,0,0
1415322768.1,information_schema,sql_languages,0,0,,,0,0,0,0,0,0,0,0,,,0,0,0,0
1415322768.1,pg_catalog,pg_am,17128,17128,0,0,0,0,0,0,0,0,55,17073,0,0,,,,
1415322768.1,pg_catalog,pg_largeobject_metadata,0,0,0,0,0,0,0,0,0,0,0,0,0,0,,,,
1415322768.1,pg_catalog,pg_ts_config_map,0,0,0,0,0,0,0,0,0,0,0,0,0,0,,,,
1415322768.1,pg_catalog,pg_type,0,0,377216,373538,974,0,955,0,349,79,1555,376082,2407,756622,,,,
1415322768.1,information_schema,sql_sizing_profiles,0,0,,,0,0,0,0,0,0,0,0,,,0,0,0,0
1415322768.1,pg_catalog,pg_shdepend,0,0,2612,512,0,0,0,0,0,0,229,283,899,2687,,,,
1415322768.1,pg_catalog,pg_conversion,0,0,0,0,0,0,0,0,0,0,0,0,0,0,,,,
1415322768.1,pg_catalog,pg_foreign_data_wrapper,0,0,0,0,0,0,0,0,0,0,0,0,0,0,,,,
1415322768.1,pg_catalog,pg_opfamily,0,0,0,0,0,0,0,0,0,0,0,0,0,0,,,,
1415322768.1,pg_catalog,pg_shdescription,0,0,0,0,0,0,0,0,0,0,0,0,0,0,0,0,0,0
1415322768.1,pg_catalog,pg_tablespace,2,4,11966,11966,0,0,0,0,0,0,74,11894,148,23784,,,,
1415322768.1,pg_catalog,pg_inherits,0,0,481,0,0,0,0,0,0,0,0,0,233,248,,,,
1415322768.1,pg_toast,pg_toast_2606,0,0,0,0,0,0,0,0,0,0,0,0,0,0,,,,
1415322768.1,pg_toast,pg_toast_2964,0,0,0,0,0,0,0,0,0,0,0,0,0,0,,,,
1415322768.1,pg_catalog,pg_database,1341,5181,59407,59405,1,0,0,0,1,0,19,60728,217,93662,,,,
1415322768.1,pg_toast,pg_toast_2620,0,0,0,0,0,0,0,0,0,0,0,0,0,0,,,,
1415322768.1,information_schema,sql_sizing,0,0,,,0,0,0,0,0,0,0,0,,,0,0,0,0
1415322768.1,pg_catalog,pg_amproc,210,420,72413,107733,0,0,0,0,0,0,180,70748,158,161461,,,,
1415322768.1,public,nation,2,50,0,0,25,0,0,0,25,0,1,3,0,0,,,,
1415322768.1,pg_catalog,pg_collation,0,0,0,0,0,0,0,0,0,0,0,0,0,0,,,,
1415322768.1,pg_catalog,pg_constraint,0,0,114,56,58,0,56,0,4,56,35,314,64,570,0,0,0,0
1415322768.1,pg_catalog,pg_range,0,0,3843,0,0,0,0,0,0,0,0,0,569,7117,,,,
1415322768.1,pg_toast,pg_toast_11600,0,0,0,0,0,0,0,0,0,0,0,0,0,0,,,,
1415322768.1,pg_toast,pg_toast_11590,0,0,0,0,0,0,0,0,0,0,0,0,0,0,,,,
1415322768.1,public,time_statistics,0,0,,,1,0,0,0,1,0,1,0,,,,,,
1415322768.1,public,orders,0,0,,,0,0,0,0,0,0,0,0,,,,,,
1415322768.1,information_schema,sql_implementation_info,0,0,,,0,0,0,0,0,0,0,0,,,0,0,0,0
1415322768.1,pg_catalog,pg_user_mapping,0,0,0,0,0,0,0,0,0,0,0,0,0,0,,,,
1415322768.1,pg_catalog,pg_largeobject,0,0,0,0,0,0,0,0,0,0,0,0,0,0,,,,
1415322768.1,pg_catalog,pg_namespace,1080,18744,84740,68388,20,0,0,0,20,0,90,69429,1240,102079,,,,
1415322768.1,information_schema,sql_parts,0,0,,,0,0,0,0,0,0,0,0,,,0,0,0,0
1415322768.1,pg_catalog,pg_authid,496,496,32905,32905,0,0,0,0,0,0,60,33341,246,65564,,,,
1415322768.1,pg_catalog,pg_index,2501,241289,164517,238545,335,0,333,0,112,43,833,221307,334,190692,,,,
1415322768.1,pg_catalog,pg_ts_dict,0,0,0,0,0,0,0,0,0,0,0,0,0,0,,,,
1415322768.1,pg_catalog,pg_class,6095,1316831,431168,400794,826,274,814,260,300,98,1933,452284,688,851621,,,,
1415322768.1,public,supplier,0,0,,,0,0,0,0,0,0,0,0,,,,,,
1415322768.1,pg_toast,pg_toast_2396,0,0,0,0,0,0,0,0,0,0,0,0,0,0,,,,
1415322768.1,pg_catalog,pg_enum,0,0,0,0,0,0,0,0,0,0,0,0,0,0,,,,
1415322768.1,pg_catalog,pg_db_role_setting,0,0,51750,0,0,0,0,0,0,0,0,0,54,51696,0,0,0,0
1415322768.1,public,customer,0,0,,,0,0,0,0,0,0,0,0,,,,,,
1415322768.1,pg_catalog,pg_seclabel,0,0,2099,0,0,0,0,0,0,0,0,0,201,1898,0,0,0,0
1415322768.1,pg_toast,pg_toast_2609,0,0,0,0,0,0,0,0,0,0,0,0,0,0,,,,
1415322768.1,pg_toast,pg_toast_1255,0,0,0,0,0,0,0,0,0,0,0,0,0,0,,,,
1415322768.1,pg_catalog,pg_rewrite,0,0,4740,3918,274,0,274,0,106,69,2374,3642,998,7078,1395,1723,493,2211
1415322768.1,pg_catalog,pg_ts_config,0,0,0,0,0,0,0,0,0,0,0,0,0,0,,,,
1415322768.1,pg_catalog,pg_extension,0,0,0,0,0,0,0,0,0,0,0,0,0,0,,,,
1415322768.1,pg_catalog,pg_amop,0,0,146016,212427,0,0,0,0,0,0,275,212152,905,310948,,,,
1415322768.1,pg_catalog,pg_cast,0,0,527537,130617,0,0,0,0,0,0,200,130417,120,543330,,,,
1415322768.1,pg_toast,pg_toast_2619,0,0,66599,222497,2249,0,2238,0,25,291,17433,88713,230,77510,,,,
1415322768.1,pg_toast,pg_toast_11610,0,0,0,0,0,0,0,0,0,0,0,0,0,0,,,,
1415322768.1,pg_toast,pg_toast_2604,0,0,0,0,0,0,0,0,0,0,0,0,0,0,,,,
1415322828.10025,pg_catalog,pg_auth_members,0,0,0,0,0,0,0,0,0,0,0,0,0,0,,,,
1415322828.10025,pg_catalog,pg_operator,0,0,126304,632861,0,0,0,0,0,0,1466,446098,1297,275867,,,,
1415322828.10025,pg_catalog,pg_aggregate,0,0,8657,8657,0,0,0,0,0,0,217,8440,564,14558,,,,
1415322828.10025,pg_catalog,pg_pltemplate,0,0,0,0,0,0,0,0,0,0,0,0,0,0,,,,
1415322828.10025,pg_toast,pg_toast_11615,0,0,0,0,0,0,0,0,0,0,0,0,0,0,,,,
1415322828.10025,pg_catalog,pg_description,0,0,2099,0,0,0,0,0,0,0,0,0,635,4044,0,0,0,0
1415322828.10025,pg_catalog,pg_language,0,0,0,0,0,0,0,0,0,0,0,0,0,0,,,,
1415322828.10025,pg_catalog,pg_ts_parser,0,0,0,0,0,0,0,0,0,0,0,0,0,0,,,,
1415322828.10025,public,part,4,8000000,0,0,2000000,0,0,0,2000000,0,79007,206149,0,0,,,,
1415322828.10025,pg_catalog,pg_shseclabel,0,0,0,0,0,0,0,0,0,0,0,0,0,0,,,,
1415322828.10025,public,region,2,10,0,0,5,0,0,0,5,0,1,3,0,0,,,,
1415322828.10025,pg_catalog,pg_foreign_table,0,0,0,0,0,0,0,0,0,0,0,0,0,0,,,,
1415322828.10025,pg_toast,pg_toast_11620,0,0,0,0,0,0,0,0,0,0,0,0,0,0,,,,
1415322828.10025,pg_catalog,pg_attrdef,0,0,0,0,0,0,0,0,0,0,0,0,0,0,0,0,0,0
1415322828.10025,pg_catalog,pg_ts_template,0,0,0,0,0,0,0,0,0,0,0,0,0,0,,,,
1415322828.10025,pg_catalog,pg_foreign_server,0,0,0,0,0,0,0,0,0,0,0,0,0,0,,,,
1415322828.10025,pg_catalog,pg_default_acl,0,0,1964,0,0,0,0,0,0,0,0,0,202,1762,,,,
1415322828.10025,public,lineitem,0,0,,,0,0,0,0,0,0,0,0,,,,,,
1415322828.10025,pg_toast,pg_toast_11595,0,0,0,0,0,0,0,0,0,0,0,0,0,0,,,,
1415322828.10025,information_schema,sql_packages,0,0,,,0,0,0,0,0,0,0,0,,,0,0,0,0
1415322828.10025,pg_catalog,pg_attribute,1177,7811,337513,747354,3041,77,2890,63,2398,7,6635,362142,1890,703907,,,,
1415322828.10025,pg_catalog,pg_statistic,0,0,92498,88740,613,1960,599,1574,463,154,6333,87905,711,198536,17456,89060,230,77583
1415322828.10025,pg_toast,pg_toast_2618,0,0,1792,5813,0,0,0,0,0,0,1400,1725,493,2217,,,,
1415322828.10025,pg_toast,pg_toast_3596,0,0,0,0,0,0,0,0,0,0,0,0,0,0,,,,
1415322828.10025,information_schema,sql_features,0,0,,,0,0,0,0,0,0,0,0,,,0,0,0,0
1415322828.10025,pg_catalog,pg_depend,0,0,20046,21532,3699,0,3644,0,6259,1141,3281,25044,5138,51762,,,,
1415322828.10025,pg_toast,pg_toast_11605,0,0,0,0,0,0,0,0,0,0,0,0,0,0,,,,
1415322828.10025,pg_catalog,pg_opclass,214,214,98614,1060782,0,0,0,0,0,0,128,379024,486,122025,,,,
1415322828.10025,pg_catalog,pg_proc,0,0,149075,220637,0,0,0,0,0,0,9871,155418,3593,329312,0,0,0,0
1415322828.10025,public,partsupp,2,16000000,0,0,8000000,0,0,0,8000000,0,340611,612593,0,0,,,,
1415322828.10025,pg_catalog,pg_trigger,0,0,0,0,0,0,0,0,0,0,0,0,0,0,0,0,0,0
1415322828.10025,information_schema,sql_languages,0,0,,,0,0,0,0,0,0,0,0,,,0,0,0,0
1415322828.10025,pg_catalog,pg_am,17161,17161,0,0,0,0,0,0,0,0,55,17106,0,0,,,,
1415322828.10025,pg_catalog,pg_largeobject_metadata,0,0,0,0,0,0,0,0,0,0,0,0,0,0,,,,
1415322828.10025,pg_catalog,pg_ts_config_map,0,0,0,0,0,0,0,0,0,0,0,0,0,0,,,,
1415322828.10025,pg_catalog,pg_type,0,0,377403,373725,974,0,955,0,349,79,1556,376268,2407,757020,,,,
1415322828.10025,information_schema,sql_sizing_profiles,0,0,,,0,0,0,0,0,0,0,0,,,0,0,0,0
1415322828.10025,pg_catalog,pg_shdepend,0,0,2612,512,0,0,0,0,0,0,229,283,899,2687,,,,
1415322828.10025,pg_catalog,pg_conversion,0,0,0,0,0,0,0,0,0,0,0,0,0,0,,,,
1415322828.10025,pg_catalog,pg_foreign_data_wrapper,0,0,0,0,0,0,0,0,0,0,0,0,0,0,,,,
1415322828.10025,pg_catalog,pg_opfamily,0,0,0,0,0,0,0,0,0,0,0,0,0,0,,,,
1415322828.10025,pg_catalog,pg_shdescription,0,0,0,0,0,0,0,0,0,0,0,0,0,0,0,0,0,0
1415322828.10025,pg_catalog,pg_tablespace,2,4,11971,11971,0,0,0,0,0,0,74,11899,148,23794,,,,
1415322828.10025,pg_catalog,pg_inherits,0,0,481,0,0,0,0,0,0,0,0,0,233,248,,,,
1415322828.10025,pg_toast,pg_toast_2606,0,0,0,0,0,0,0,0,0,0,0,0,0,0,,,,
1415322828.10025,pg_toast,pg_toast_2964,0,0,0,0,0,0,0,0,0,0,0,0,0,0,,,,
1415322828.10025,pg_catalog,pg_database,1344,5193,59489,59487,1,0,0,0,1,0,19,60813,217,93790,,,,
1415322828.10025,pg_toast,pg_toast_2620,0,0,0,0,0,0,0,0,0,0,0,0,0,0,,,,
1415322828.10025,information_schema,sql_sizing,0,0,,,0,0,0,0,0,0,0,0,,,0,0,0,0
1415322828.10025,pg_catalog,pg_amproc,214,428,72498,107855,0,0,0,0,0,0,180,70838,158,161653,,,,
1415322828.10025,public,nation,2,50,0,0,25,0,0,0,25,0,1,3,0,0,,,,
1415322828.10025,pg_catalog,pg_collation,0,0,0,0,0,0,0,0,0,0,0,0,0,0,,,,
1415322828.10025,pg_catalog,pg_constraint,0,0,118,56,62,0,56,0,8,0,36,337,64,610,0,0,0,0
1415322828.10025,pg_catalog,pg_range,0,0,3843,0,0,0,0,0,0,0,0,0,569,7117,,,,
1415322828.10025,pg_toast,pg_toast_11600,0,0,0,0,0,0,0,0,0,0,0,0,0,0,,,,
1415322828.10025,pg_toast,pg_toast_11590,0,0,0,0,0,0,0,0,0,0,0,0,0,0,,,,
1415322828.10025,public,time_statistics,0,0,,,1,0,0,0,1,0,1,0,,,,,,
1415322828.10025,public,orders,0,0,,,0,0,0,0,0,0,0,0,,,,,,
1415322828.10025,information_schema,sql_implementation_info,0,0,,,0,0,0,0,0,0,0,0,,,0,0,0,0
1415322828.10025,pg_catalog,pg_user_mapping,0,0,0,0,0,0,0,0,0,0,0,0,0,0,,,,
1415322828.10025,pg_catalog,pg_largeobject,0,0,0,0,0,0,0,0,0,0,0,0,0,0,,,,
1415322828.10025,pg_catalog,pg_namespace,1082,18796,84902,68529,20,0,0,0,20,0,90,69572,1240,102264,,,,
1415322828.10025,information_schema,sql_parts,0,0,,,0,0,0,0,0,0,0,0,,,0,0,0,0
1415322828.10025,pg_catalog,pg_authid,497,497,32948,32948,0,0,0,0,0,0,60,33385,246,65650,,,,
1415322828.10025,pg_catalog,pg_index,2519,241751,164794,238897,346,0,333,0,123,43,834,221683,334,191033,,,,
1415322828.10025,pg_catalog,pg_ts_dict,0,0,0,0,0,0,0,0,0,0,0,0,0,0,,,,
1415322828.10025,pg_catalog,pg_class,6132,1319654,431885,401473,837,274,814,260,311,98,1934,453263,688,853148,,,,
1415322828.10025,public,supplier,4,400000,0,0,100000,0,0,0,100000,0,2312,15648,0,0,,,,
1415322828.10025,pg_toast,pg_toast_2396,0,0,0,0,0,0,0,0,0,0,0,0,0,0,,,,
1415322828.10025,pg_catalog,pg_enum,0,0,0,0,0,0,0,0,0,0,0,0,0,0,,,,
1415322828.10025,pg_catalog,pg_db_role_setting,0,0,51819,0,0,0,0,0,0,0,0,0,54,51765,0,0,0,0
1415322828.10025,public,customer,5,7500000,0,0,1500000,0,0,0,1500000,0,68533,224301,0,0,,,,
1415322828.10025,pg_catalog,pg_seclabel,0,0,2099,0,0,0,0,0,0,0,0,0,201,1898,0,0,0,0
1415322828.10025,pg_toast,pg_toast_2609,0,0,0,0,0,0,0,0,0,0,0,0,0,0,,,,
1415322828.10025,pg_toast,pg_toast_1255,0,0,0,0,0,0,0,0,0,0,0,0,0,0,,,,
1415322828.10025,pg_catalog,pg_rewrite,0,0,4747,3925,274,0,274,0,106,69,2379,3644,998,7090,1400,1725,493,2217
1415322828.10025,pg_catalog,pg_ts_config,0,0,0,0,0,0,0,0,0,0,0,0,0,0,,,,
1415322828.10025,pg_catalog,pg_extension,0,0,0,0,0,0,0,0,0,0,0,0,0,0,,,,
1415322828.10025,pg_catalog,pg_amop,0,0,146109,212530,0,0,0,0,0,0,276,212254,906,311145,,,,
1415322828.10025,pg_catalog,pg_cast,0,0,528257,130751,0,0,0,0,0,0,200,130551,120,544068,,,,
1415322828.10025,pg_toast,pg_toast_2619,0,0,66615,222515,2300,0,2244,0,72,6,17456,89060,230,77583,,,,
1415322828.10025,pg_toast,pg_toast_11610,0,0,0,0,0,0,0,0,0,0,0,0,0,0,,,,
1415322828.10025,pg_toast,pg_toast_2604,0,0,0,0,0,0,0,0,0,0,0,0,0,0,,,,
1415322888.10193,pg_catalog,pg_auth_members,0,0,0,0,0,0,0,0,0,0,0,0,0,0,,,,
1415322888.10193,pg_catalog,pg_operator,0,0,126330,632887,0,0,0,0,0,0,1466,446124,1297,275930,,,,
1415322888.10193,pg_catalog,pg_aggregate,0,0,8658,8658,0,0,0,0,0,0,217,8441,564,14560,,,,
1415322888.10193,pg_catalog,pg_pltemplate,0,0,0,0,0,0,0,0,0,0,0,0,0,0,,,,
1415322888.10193,pg_toast,pg_toast_11615,0,0,0,0,0,0,0,0,0,0,0,0,0,0,,,,
1415322888.10193,pg_catalog,pg_description,0,0,2099,0,0,0,0,0,0,0,0,0,635,4044,0,0,0,0
1415322888.10193,pg_catalog,pg_language,0,0,0,0,0,0,0,0,0,0,0,0,0,0,,,,
1415322888.10193,pg_catalog,pg_ts_parser,0,0,0,0,0,0,0,0,0,0,0,0,0,0,,,,
1415322888.10193,public,part,6,12000000,0,0,2000000,0,0,0,2000000,0,79007,287193,0,0,,,,
1415322888.10193,pg_catalog,pg_shseclabel,0,0,0,0,0,0,0,0,0,0,0,0,0,0,,,,
1415322888.10193,public,region,2,10,0,0,5,0,0,0,5,0,1,3,0,0,,,,
1415322888.10193,pg_catalog,pg_foreign_table,0,0,0,0,0,0,0,0,0,0,0,0,0,0,,,,
1415322888.10193,pg_toast,pg_toast_11620,0,0,0,0,0,0,0,0,0,0,0,0,0,0,,,,
1415322888.10193,pg_catalog,pg_attrdef,0,0,0,0,0,0,0,0,0,0,0,0,0,0,0,0,0,0
1415322888.10193,pg_catalog,pg_ts_template,0,0,0,0,0,0,0,0,0,0,0,0,0,0,,,,
1415322888.10193,pg_catalog,pg_foreign_server,0,0,0,0,0,0,0,0,0,0,0,0,0,0,,,,
1415322888.10193,pg_catalog,pg_default_acl,0,0,1964,0,0,0,0,0,0,0,0,0,202,1762,,,,
1415322888.10193,public,lineitem,0,0,,,0,0,0,0,0,0,0,0,,,,,,
1415322888.10193,pg_toast,pg_toast_11595,0,0,0,0,0,0,0,0,0,0,0,0,0,0,,,,
1415322888.10193,information_schema,sql_packages,0,0,,,0,0,0,0,0,0,0,0,,,0,0,0,0
1415322888.10193,pg_catalog,pg_attribute,1177,7811,337816,748025,3051,77,2890,63,2408,7,6635,362474,1890,704577,,,,
1415322888.10193,pg_catalog,pg_statistic,0,0,92542,88761,628,1960,599,1574,478,143,6333,87949,711,198662,17456,89204,230,77702
1415322888.10193,pg_toast,pg_toast_2618,0,0,1796,5826,0,0,0,0,0,0,1400,1732,493,2223,,,,
1415322888.10193,pg_toast,pg_toast_3596,0,0,0,0,0,0,0,0,0,0,0,0,0,0,,,,
1415322888.10193,information_schema,sql_features,0,0,,,0,0,0,0,0,0,0,0,,,0,0,0,0
1415322888.10193,pg_catalog,pg_depend,0,0,20066,21552,3709,0,3644,0,6269,1141,3281,25089,5138,51852,,,,
1415322888.10193,pg_toast,pg_toast_11605,0,0,0,0,0,0,0,0,0,0,0,0,0,0,,,,
1415322888.10193,pg_catalog,pg_opclass,214,214,98685,1061729,0,0,0,0,0,0,128,379278,486,122118,,,,
1415322888.10193,pg_catalog,pg_proc,0,0,149161,220765,0,0,0,0,0,0,9871,155522,3593,329503,0,0,0,0
1415322888.10193,public,partsupp,3,24000000,0,0,8000000,0,0,0,8000000,0,340611,954509,0,0,,,,
1415322888.10193,pg_catalog,pg_trigger,0,0,0,0,0,0,0,0,0,0,0,0,0,0,0,0,0,0
1415322888.10193,information_schema,sql_languages,0,0,,,0,0,0,0,0,0,0,0,,,0,0,0,0
1415322888.10193,pg_catalog,pg_am,17178,17178,0,0,0,0,0,0,0,0,55,17123,0,0,,,,
1415322888.10193,pg_catalog,pg_largeobject_metadata,0,0,0,0,0,0,0,0,0,0,0,0,0,0,,,,
1415322888.10193,pg_catalog,pg_ts_config_map,0,0,0,0,0,0,0,0,0,0,0,0,0,0,,,,
1415322888.10193,pg_catalog,pg_type,0,0,377535,373857,974,0,955,0,349,79,1556,376400,2407,757298,,,,
1415322888.10193,information_schema,sql_sizing_profiles,0,0,,,0,0,0,0,0,0,0,0,,,0,0,0,0
1415322888.10193,pg_catalog,pg_shdepend,0,0,2612,512,0,0,0,0,0,0,229,283,899,2687,,,,
1415322888.10193,pg_catalog,pg_conversion,0,0,0,0,0,0,0,0,0,0,0,0,0,0,,,,
1415322888.10193,pg_catalog,pg_foreign_data_wrapper,0,0,0,0,0,0,0,0,0,0,0,0,0,0,,,,
1415322888.10193,pg_catalog,pg_opfamily,0,0,0,0,0,0,0,0,0,0,0,0,0,0,,,,
1415322888.10193,pg_catalog,pg_shdescription,0,0,0,0,0,0,0,0,0,0,0,0,0,0,0,0,0,0
1415322888.10193,pg_catalog,pg_tablespace,2,4,11977,11977,0,0,0,0,0,0,74,11905,148,23806,,,,
1415322888.10193,pg_catalog,pg_inherits,0,0,481,0,0,0,0,0,0,0,0,0,233,248,,,,
1415322888.10193,pg_toast,pg_toast_2606,0,0,0,0,0,0,0,0,0,0,0,0,0,0,,,,
1415322888.10193,pg_toast,pg_toast_2964,0,0,0,0,0,0,0,0,0,0,0,0,0,0,,,,
1415322888.10193,pg_catalog,pg_database,1347,5205,59549,59547,1,0,0,0,1,0,19,60876,217,93876,,,,
1415322888.10193,pg_toast,pg_toast_2620,0,0,0,0,0,0,0,0,0,0,0,0,0,0,,,,
1415322888.10193,information_schema,sql_sizing,0,0,,,0,0,0,0,0,0,0,0,,,0,0,0,0
1415322888.10193,pg_catalog,pg_amproc,214,428,72545,107923,0,0,0,0,0,0,180,70882,158,161759,,,,
1415322888.10193,public,nation,2,50,0,0,25,0,0,0,25,0,1,3,0,0,,,,
1415322888.10193,pg_catalog,pg_collation,0,0,0,0,0,0,0,0,0,0,0,0,0,0,,,,
1415322888.10193,pg_catalog,pg_constraint,0,0,118,56,62,0,56,0,8,0,36,337,64,610,0,0,0,0
1415322888.10193,pg_catalog,pg_range,0,0,3843,0,0,0,0,0,0,0,0,0,569,7117,,,,
1415322888.10193,pg_toast,pg_toast_11600,0,0,0,0,0,0,0,0,0,0,0,0,0,0,,,,
1415322888.10193,pg_toast,pg_toast_11590,0,0,0,0,0,0,0,0,0,0,0,0,0,0,,,,
1415322888.10193,public,time_statistics,0,0,,,1,0,0,0,1,0,1,0,,,,,,
1415322888.10193,public,orders,1,15000000,0,0,15000000,0,0,0,15000000,0,311299,738959,0,0,,,,
1415322888.10193,information_schema,sql_implementation_info,0,0,,,0,0,0,0,0,0,0,0,,,0,0,0,0
1415322888.10193,pg_catalog,pg_user_mapping,0,0,0,0,0,0,0,0,0,0,0,0,0,0,,,,
1415322888.10193,pg_catalog,pg_largeobject,0,0,0,0,0,0,0,0,0,0,0,0,0,0,,,,
1415322888.10193,pg_catalog,pg_namespace,1084,18848,85060,68673,20,0,0,0,20,0,90,69718,1240,102438,,,,
1415322888.10193,information_schema,sql_parts,0,0,,,0,0,0,0,0,0,0,0,,,0,0,0,0
1415322888.10193,pg_catalog,pg_authid,499,499,32970,32970,0,0,0,0,0,0,60,33409,246,65694,,,,
1415322888.10193,pg_catalog,pg_index,2523,242243,164894,239034,351,0,333,0,128,43,834,221832,334,191169,,,,
1415322888.10193,pg_catalog,pg_ts_dict,0,0,0,0,0,0,0,0,0,0,0,0,0,0,,,,
1415322888.10193,pg_catalog,pg_class,6146,1322545,432332,401902,842,274,814,260,316,98,1934,453845,688,854093,,,,
1415322888.10193,public,supplier,4,400000,0,0,100000,0,0,0,100000,0,2312,15648,0,0,,,,
1415322888.10193,pg_toast,pg_toast_2396,0,0,0,0,0,0,0,0,0,0,0,0,0,0,,,,
1415322888.10193,pg_catalog,pg_enum,0,0,0,0,0,0,0,0,0,0,0,0,0,0,,,,
1415322888.10193,pg_catalog,pg_db_role_setting,0,0,51858,0,0,0,0,0,0,0,0,0,54,51804,0,0,0,0
1415322888.10193,public,customer,6,9000000,0,0,1500000,0,0,0,1500000,0,68533,294857,0,0,,,,
1415322888.10193,pg_catalog,pg_seclabel,0,0,2099,0,0,0,0,0,0,0,0,0,201,1898,0,0,0,0
1415322888.10193,pg_toast,pg_toast_2609,0,0,0,0,0,0,0,0,0,0,0,0,0,0,,,,
1415322888.10193,pg_toast,pg_toast_1255,0,0,0,0,0,0,0,0,0,0,0,0,0,0,,,,
1415322888.10193,pg_catalog,pg_rewrite,0,0,4755,3933,274,0,274,0,106,69,2379,3652,998,7104,1400,1732,493,2223
1415322888.10193,pg_catalog,pg_ts_config,0,0,0,0,0,0,0,0,0,0,0,0,0,0,,,,
1415322888.10193,pg_catalog,pg_extension,0,0,0,0,0,0,0,0,0,0,0,0,0,0,,,,
1415322888.10193,pg_catalog,pg_amop,0,0,146176,212609,0,0,0,0,0,0,276,212333,906,311293,,,,
1415322888.10193,pg_catalog,pg_cast,0,0,528593,130848,0,0,0,0,0,0,200,130648,120,544417,,,,
1415322888.10193,pg_toast,pg_toast_2619,0,0,66636,222521,2393,0,2244,0,165,6,17456,89204,230,77702,,,,
1415322888.10193,pg_toast,pg_toast_11610,0,0,0,0,0,0,0,0,0,0,0,0,0,0,,,,
1415322888.10193,pg_toast,pg_toast_2604,0,0,0,0,0,0,0,0,0,0,0,0,0,0,,,,
1415322948.11079,pg_catalog,pg_auth_members,0,0,0,0,0,0,0,0,0,0,0,0,0,0,,,,
1415322948.11079,pg_catalog,pg_operator,0,0,126355,632912,0,0,0,0,0,0,1466,446149,1297,275989,,,,
1415322948.11079,pg_catalog,pg_aggregate,0,0,8659,8659,0,0,0,0,0,0,217,8442,564,14562,,,,
1415322948.11079,pg_catalog,pg_pltemplate,0,0,0,0,0,0,0,0,0,0,0,0,0,0,,,,
1415322948.11079,pg_toast,pg_toast_11615,0,0,0,0,0,0,0,0,0,0,0,0,0,0,,,,
1415322948.11079,pg_catalog,pg_description,0,0,2099,0,0,0,0,0,0,0,0,0,635,4044,0,0,0,0
1415322948.11079,pg_catalog,pg_language,0,0,0,0,0,0,0,0,0,0,0,0,0,0,,,,
1415322948.11079,pg_catalog,pg_ts_parser,0,0,0,0,0,0,0,0,0,0,0,0,0,0,,,,
1415322948.11079,public,part,6,12000000,0,0,2000000,0,0,0,2000000,0,79007,327715,0,0,,,,
1415322948.11079,pg_catalog,pg_shseclabel,0,0,0,0,0,0,0,0,0,0,0,0,0,0,,,,
1415322948.11079,public,region,2,10,0,0,5,0,0,0,5,0,1,3,0,0,,,,
1415322948.11079,pg_catalog,pg_foreign_table,0,0,0,0,0,0,0,0,0,0,0,0,0,0,,,,
1415322948.11079,pg_toast,pg_toast_11620,0,0,0,0,0,0,0,0,0,0,0,0,0,0,,,,
1415322948.11079,pg_catalog,pg_attrdef,0,0,0,0,0,0,0,0,0,0,0,0,0,0,0,0,0,0
1415322948.11079,pg_catalog,pg_ts_template,0,0,0,0,0,0,0,0,0,0,0,0,0,0,,,,
1415322948.11079,pg_catalog,pg_foreign_server,0,0,0,0,0,0,0,0,0,0,0,0,0,0,,,,
1415322948.11079,pg_catalog,pg_default_acl,0,0,1964,0,0,0,0,0,0,0,0,0,202,1762,,,,
1415322948.11079,public,lineitem,0,0,,,0,0,0,0,0,0,0,0,,,,,,
1415322948.11079,pg_toast,pg_toast_11595,0,0,0,0,0,0,0,0,0,0,0,0,0,0,,,,
1415322948.11079,information_schema,sql_packages,0,0,,,0,0,0,0,0,0,0,0,,,0,0,0,0
1415322948.11079,pg_catalog,pg_attribute,1177,7811,338050,748467,3054,78,2890,64,2411,8,6635,362726,1890,705066,,,,
1415322948.11079,pg_catalog,pg_statistic,0,0,92581,88778,646,1960,599,1574,496,143,6333,87992,711,198782,17456,89299,230,77786
1415322948.11079,pg_toast,pg_toast_2618,0,0,1800,5839,0,0,0,0,0,0,1400,1739,493,2229,,,,
1415322948.11079,pg_toast,pg_toast_3596,0,0,0,0,0,0,0,0,0,0,0,0,0,0,,,,
1415322948.11079,information_schema,sql_features,0,0,,,0,0,0,0,0,0,0,0,,,0,0,0,0
1415322948.11079,pg_catalog,pg_depend,0,0,20073,21558,3713,0,3644,0,6273,1141,3281,25105,5138,51886,,,,
1415322948.11079,pg_toast,pg_toast_11605,0,0,0,0,0,0,0,0,0,0,0,0,0,0,,,,
1415322948.11079,pg_catalog,pg_opclass,214,214,98736,1062416,0,0,0,0,0,0,128,379464,486,122183,,,,
1415322948.11079,pg_catalog,pg_proc,0,0,149231,220863,0,0,0,0,0,0,9871,155604,3593,329655,0,0,0,0
1415322948.11079,public,partsupp,3,24000000,0,0,8000000,0,0,0,8000000,0,340611,954509,0,0,,,,
1415322948.11079,pg_catalog,pg_trigger,0,0,0,0,0,0,0,0,0,0,0,0,0,0,0,0,0,0
1415322948.11079,information_schema,sql_languages,0,0,,,0,0,0,0,0,0,0,0,,,0,0,0,0
1415322948.11079,pg_catalog,pg_am,17187,17187,0,0,0,0,0,0,0,0,55,17132,0,0,,,,
1415322948.11079,pg_catalog,pg_largeobject_metadata,0,0,0,0,0,0,0,0,0,0,0,0,0,0,,,,
1415322948.11079,pg_catalog,pg_ts_config_map,0,0,0,0,0,0,0,0,0,0,0,0,0,0,,,,
1415322948.11079,pg_catalog,pg_type,0,0,377624,373946,974,0,955,0,349,79,1556,376489,2407,757484,,,,
1415322948.11079,information_schema,sql_sizing_profiles,0,0,,,0,0,0,0,0,0,0,0,,,0,0,0,0
1415322948.11079,pg_catalog,pg_shdepend,0,0,2612,512,0,0,0,0,0,0,229,283,899,2687,,,,
1415322948.11079,pg_catalog,pg_conversion,0,0,0,0,0,0,0,0,0,0,0,0,0,0,,,,
1415322948.11079,pg_catalog,pg_foreign_data_wrapper,0,0,0,0,0,0,0,0,0,0,0,0,0,0,,,,
1415322948.11079,pg_catalog,pg_opfamily,0,0,0,0,0,0,0,0,0,0,0,0,0,0,,,,
1415322948.11079,pg_catalog,pg_shdescription,0,0,0,0,0,0,0,0,0,0,0,0,0,0,0,0,0,0
1415322948.11079,pg_catalog,pg_tablespace,2,4,11981,11981,0,0,0,0,0,0,74,11909,148,23814,,,,
1415322948.11079,pg_catalog,pg_inherits,0,0,481,0,0,0,0,0,0,0,0,0,233,248,,,,
1415322948.11079,pg_toast,pg_toast_2606,0,0,0,0,0,0,0,0,0,0,0,0,0,0,,,,
1415322948.11079,pg_toast,pg_toast_2964,0,0,0,0,0,0,0,0,0,0,0,0,0,0,,,,
1415322948.11079,pg_catalog,pg_database,1350,5217,59575,59573,1,0,0,0,1,0,19,60905,217,93918,,,,
1415322948.11079,pg_toast,pg_toast_2620,0,0,0,0,0,0,0,0,0,0,0,0,0,0,,,,
1415322948.11079,information_schema,sql_sizing,0,0,,,0,0,0,0,0,0,0,0,,,0,0,0,0
1415322948.11079,pg_catalog,pg_amproc,214,428,72583,107974,0,0,0,0,0,0,180,70916,158,161842,,,,
1415322948.11079,public,nation,2,50,0,0,25,0,0,0,25,0,1,3,0,0,,,,
1415322948.11079,pg_catalog,pg_collation,0,0,0,0,0,0,0,0,0,0,0,0,0,0,,,,
1415322948.11079,pg_catalog,pg_constraint,0,0,119,56,63,0,56,0,9,0,36,341,64,619,0,0,0,0
1415322948.11079,pg_catalog,pg_range,0,0,3843,0,0,0,0,0,0,0,0,0,569,7117,,,,
1415322948.11079,pg_toast,pg_toast_11600,0,0,0,0,0,0,0,0,0,0,0,0,0,0,,,,
1415322948.11079,pg_toast,pg_toast_11590,0,0,0,0,0,0,0,0,0,0,0,0,0,0,,,,
1415322948.11079,public,time_statistics,0,0,,,1,0,0,0,1,0,1,0,,,,,,
1415322948.11079,public,orders,4,60000000,0,0,15000000,0,0,0,15000000,0,504554,1558780,0,0,,,,
1415322948.11079,information_schema,sql_implementation_info,0,0,,,0,0,0,0,0,0,0,0,,,0,0,0,0
1415322948.11079,pg_catalog,pg_user_mapping,0,0,0,0,0,0,0,0,0,0,0,0,0,0,,,,
1415322948.11079,pg_catalog,pg_largeobject,0,0,0,0,0,0,0,0,0,0,0,0,0,0,,,,
1415322948.11079,pg_catalog,pg_namespace,1086,18900,85209,68814,20,0,0,0,20,0,90,69861,1240,102597,,,,
1415322948.11079,information_schema,sql_parts,0,0,,,0,0,0,0,0,0,0,0,,,0,0,0,0
1415322948.11079,pg_catalog,pg_authid,499,499,32982,32982,0,0,0,0,0,0,60,33421,246,65718,,,,
1415322948.11079,pg_catalog,pg_index,2527,242755,164965,239131,353,0,333,0,130,43,834,221941,334,191259,,,,
1415322948.11079,pg_catalog,pg_ts_dict,0,0,0,0,0,0,0,0,0,0,0,0,0,0,,,,
1415322948.11079,pg_catalog,pg_class,6157,1325476,432710,402272,844,274,814,260,318,98,1934,454328,688,854873,,,,
1415322948.11079,public,supplier,4,400000,0,0,100000,0,0,0,100000,0,2312,15648,0,0,,,,
1415322948.11079,pg_toast,pg_toast_2396,0,0,0,0,0,0,0,0,0,0,0,0,0,0,,,,
1415322948.11079,pg_catalog,pg_enum,0,0,0,0,0,0,0,0,0,0,0,0,0,0,,,,
1415322948.11079,pg_catalog,pg_db_role_setting,0,0,51882,0,0,0,0,0,0,0,0,0,54,51828,0,0,0,0
1415322948.11079,public,customer,6,9000000,0,0,1500000,0,0,0,1500000,0,68533,294857,0,0,,,,
1415322948.11079,pg_catalog,pg_seclabel,0,0,2099,0,0,0,0,0,0,0,0,0,201,1898,0,0,0,0
1415322948.11079,pg_toast,pg_toast_2609,0,0,0,0,0,0,0,0,0,0,0,0,0,0,,,,
1415322948.11079,pg_toast,pg_toast_1255,0,0,0,0,0,0,0,0,0,0,0,0,0,0,,,,
1415322948.11079,pg_catalog,pg_rewrite,0,0,4761,3939,274,0,274,0,106,69,2379,3658,998,7114,1400,1739,493,2229
1415322948.11079,pg_catalog,pg_ts_config,0,0,0,0,0,0,0,0,0,0,0,0,0,0,,,,
1415322948.11079,pg_catalog,pg_extension,0,0,0,0,0,0,0,0,0,0,0,0,0,0,,,,
1415322948.11079,pg_catalog,pg_amop,0,0,146239,212680,0,0,0,0,0,0,276,212404,906,311429,,,,
1415322948.11079,pg_catalog,pg_cast,0,0,528818,130907,0,0,0,0,0,0,200,130707,120,544650,,,,
1415322948.11079,pg_toast,pg_toast_2619,0,0,66655,222527,2453,0,2244,0,225,6,17456,89299,230,77786,,,,
1415322948.11079,pg_toast,pg_toast_11610,0,0,0,0,0,0,0,0,0,0,0,0,0,0,,,,
1415322948.11079,pg_toast,pg_toast_2604,0,0,0,0,0,0,0,0,0,0,0,0,0,0,,,,
1415323008.13132,pg_catalog,pg_auth_members,0,0,0,0,0,0,0,0,0,0,0,0,0,0,,,,
1415323008.13132,pg_catalog,pg_operator,0,0,126373,632930,0,0,0,0,0,0,1466,446167,1297,276034,,,,
1415323008.13132,pg_catalog,pg_aggregate,0,0,8660,8660,0,0,0,0,0,0,217,8443,564,14564,,,,
1415323008.13132,pg_catalog,pg_pltemplate,0,0,0,0,0,0,0,0,0,0,0,0,0,0,,,,
1415323008.13132,pg_toast,pg_toast_11615,0,0,0,0,0,0,0,0,0,0,0,0,0,0,,,,
1415323008.13132,pg_catalog,pg_description,0,0,2099,0,0,0,0,0,0,0,0,0,635,4044,0,0,0,0
1415323008.13132,pg_catalog,pg_language,0,0,0,0,0,0,0,0,0,0,0,0,0,0,,,,
1415323008.13132,pg_catalog,pg_ts_parser,0,0,0,0,0,0,0,0,0,0,0,0,0,0,,,,
1415323008.13132,public,part,6,12000000,0,0,2000000,0,0,0,2000000,0,79007,327715,0,0,,,,
1415323008.13132,pg_catalog,pg_shseclabel,0,0,0,0,0,0,0,0,0,0,0,0,0,0,,,,
1415323008.13132,public,region,2,10,0,0,5,0,0,0,5,0,1,3,0,0,,,,
1415323008.13132,pg_catalog,pg_foreign_table,0,0,0,0,0,0,0,0,0,0,0,0,0,0,,,,
1415323008.13132,pg_toast,pg_toast_11620,0,0,0,0,0,0,0,0,0,0,0,0,0,0,,,,
1415323008.13132,pg_catalog,pg_attrdef,0,0,0,0,0,0,0,0,0,0,0,0,0,0,0,0,0,0
1415323008.13132,pg_catalog,pg_ts_template,0,0,0,0,0,0,0,0,0,0,0,0,0,0,,,,
1415323008.13132,pg_catalog,pg_foreign_server,0,0,0,0,0,0,0,0,0,0,0,0,0,0,,,,
1415323008.13132,pg_catalog,pg_default_acl,0,0,1964,0,0,0,0,0,0,0,0,0,202,1762,,,,
1415323008.13132,public,lineitem,0,0,,,0,0,0,0,0,0,0,0,,,,,,
1415323008.13132,pg_toast,pg_toast_11595,0,0,0,0,0,0,0,0,0,0,0,0,0,0,,,,
1415323008.13132,information_schema,sql_packages,0,0,,,0,0,0,0,0,0,0,0,,,0,0,0,0
1415323008.13132,pg_catalog,pg_attribute,1177,7811,338257,748812,3054,78,2890,64,2411,8,6635,362934,1890,705486,,,,
1415323008.13132,pg_catalog,pg_statistic,0,0,92610,88799,646,1960,599,1574,496,143,6333,88013,711,198846,17456,89302,230,77792
1415323008.13132,pg_toast,pg_toast_2618,0,0,1804,5852,0,0,0,0,0,0,1400,1746,493,2235,,,,
1415323008.13132,pg_toast,pg_toast_3596,0,0,0,0,0,0,0,0,0,0,0,0,0,0,,,,
1415323008.13132,information_schema,sql_features,0,0,,,0,0,0,0,0,0,0,0,,,0,0,0,0
1415323008.13132,pg_catalog,pg_depend,0,0,20073,21558,3713,0,3644,0,6273,1141,3281,25105,5138,51886,,,,
1415323008.13132,pg_toast,pg_toast_11605,0,0,0,0,0,0,0,0,0,0,0,0,0,0,,,,
1415323008.13132,pg_catalog,pg_opclass,214,214,98753,1062589,0,0,0,0,0,0,128,379520,486,122209,,,,
1415323008.13132,pg_catalog,pg_proc,0,0,149313,220987,0,0,0,0,0,0,9871,155704,3593,329837,0,0,0,0
1415323008.13132,public,partsupp,3,24000000,0,0,8000000,0,0,0,8000000,0,340611,954509,0,0,,,,
1415323008.13132,pg_catalog,pg_trigger,0,0,0,0,0,0,0,0,0,0,0,0,0,0,0,0,0,0
1415323008.13132,information_schema,sql_languages,0,0,,,0,0,0,0,0,0,0,0,,,0,0,0,0
1415323008.13132,pg_catalog,pg_am,17193,17193,0,0,0,0,0,0,0,0,55,17138,0,0,,,,
1415323008.13132,pg_catalog,pg_largeobject_metadata,0,0,0,0,0,0,0,0,0,0,0,0,0,0,,,,
1415323008.13132,pg_catalog,pg_ts_config_map,0,0,0,0,0,0,0,0,0,0,0,0,0,0,,,,
1415323008.13132,pg_catalog,pg_type,0,0,377729,374051,974,0,955,0,349,79,1556,376594,2407,757700,,,,
1415323008.13132,information_schema,sql_sizing_profiles,0,0,,,0,0,0,0,0,0,0,0,,,0,0,0,0
1415323008.13132,pg_catalog,pg_shdepend,0,0,2612,512,0,0,0,0,0,0,229,283,899,2687,,,,
1415323008.13132,pg_catalog,pg_conversion,0,0,0,0,0,0,0,0,0,0,0,0,0,0,,,,
1415323008.13132,pg_catalog,pg_foreign_data_wrapper,0,0,0,0,0,0,0,0,0,0,0,0,0,0,,,,
1415323008.13132,pg_catalog,pg_opfamily,0,0,0,0,0,0,0,0,0,0,0,0,0,0,,,,
1415323008.13132,pg_catalog,pg_shdescription,0,0,0,0,0,0,0,0,0,0,0,0,0,0,0,0,0,0
1415323008.13132,pg_catalog,pg_tablespace,2,4,11987,11987,0,0,0,0,0,0,74,11915,148,23826,,,,
1415323008.13132,pg_catalog,pg_inherits,0,0,481,0,0,0,0,0,0,0,0,0,233,248,,,,
1415323008.13132,pg_toast,pg_toast_2606,0,0,0,0,0,0,0,0,0,0,0,0,0,0,,,,
1415323008.13132,pg_toast,pg_toast_2964,0,0,0,0,0,0,0,0,0,0,0,0,0,0,,,,
1415323008.13132,pg_catalog,pg_database,1353,5229,59610,59608,1,0,0,0,1,0,19,60943,217,93967,,,,
1415323008.13132,pg_toast,pg_toast_2620,0,0,0,0,0,0,0,0,0,0,0,0,0,0,,,,
1415323008.13132,information_schema,sql_sizing,0,0,,,0,0,0,0,0,0,0,0,,,0,0,0,0
1415323008.13132,pg_catalog,pg_amproc,214,428,72600,108000,0,0,0,0,0,0,180,70933,158,161882,,,,
1415323008.13132,public,nation,2,50,0,0,25,0,0,0,25,0,1,3,0,0,,,,
1415323008.13132,pg_catalog,pg_collation,0,0,0,0,0,0,0,0,0,0,0,0,0,0,,,,
1415323008.13132,pg_catalog,pg_constraint,0,0,119,56,63,0,56,0,9,0,36,341,64,619,0,0,0,0
1415323008.13132,pg_catalog,pg_range,0,0,3843,0,0,0,0,0,0,0,0,0,569,7117,,,,
1415323008.13132,pg_toast,pg_toast_11600,0,0,0,0,0,0,0,0,0,0,0,0,0,0,,,,
1415323008.13132,pg_toast,pg_toast_11590,0,0,0,0,0,0,0,0,0,0,0,0,0,0,,,,
1415323008.13132,public,time_statistics,0,0,,,1,0,0,0,1,0,1,0,,,,,,
1415323008.13132,public,orders,4,60000000,0,0,15000000,0,0,0,15000000,0,504554,1558780,0,0,,,,
1415323008.13132,information_schema,sql_implementation_info,0,0,,,0,0,0,0,0,0,0,0,,,0,0,0,0
1415323008.13132,pg_catalog,pg_user_mapping,0,0,0,0,0,0,0,0,0,0,0,0,0,0,,,,
1415323008.13132,pg_catalog,pg_largeobject,0,0,0,0,0,0,0,0,0,0,0,0,0,0,,,,
1415323008.13132,pg_catalog,pg_namespace,1088,18952,85357,68956,20,0,0,0,20,0,90,70005,1240,102752,,,,
1415323008.13132,information_schema,sql_parts,0,0,,,0,0,0,0,0,0,0,0,,,0,0,0,0
1415323008.13132,pg_catalog,pg_authid,501,501,32992,32992,0,0,0,0,0,0,60,33433,246,65738,,,,
1415323008.13132,pg_catalog,pg_index,2531,243275,165002,239180,353,0,333,0,130,43,834,222002,334,191308,,,,
1415323008.13132,pg_catalog,pg_ts_dict,0,0,0,0,0,0,0,0,0,0,0,0,0,0,,,,
1415323008.13132,pg_catalog,pg_class,6168,1328421,433035,402597,844,274,814,260,318,98,1934,454753,688,855536,,,,
1415323008.13132,public,supplier,4,400000,0,0,100000,0,0,0,100000,0,2312,15648,0,0,,,,
1415323008.13132,pg_toast,pg_toast_2396,0,0,0,0,0,0,0,0,0,0,0,0,0,0,,,,
1415323008.13132,pg_catalog,pg_enum,0,0,0,0,0,0,0,0,0,0,0,0,0,0,,,,
1415323008.13132,pg_catalog,pg_db_role_setting,0,0,51903,0,0,0,0,0,0,0,0,0,54,51849,0,0,0,0
1415323008.13132,public,customer,6,9000000,0,0,1500000,0,0,0,1500000,0,68533,294857,0,0,,,,
1415323008.13132,pg_catalog,pg_seclabel,0,0,2099,0,0,0,0,0,0,0,0,0,201,1898,0,0,0,0
1415323008.13132,pg_toast,pg_toast_2609,0,0,0,0,0,0,0,0,0,0,0,0,0,0,,,,
1415323008.13132,pg_toast,pg_toast_1255,0,0,0,0,0,0,0,0,0,0,0,0,0,0,,,,
1415323008.13132,pg_catalog,pg_rewrite,0,0,4769,3947,274,0,274,0,106,69,2379,3666,998,7128,1400,1746,493,2235
1415323008.13132,pg_catalog,pg_ts_config,0,0,0,0,0,0,0,0,0,0,0,0,0,0,,,,
1415323008.13132,pg_catalog,pg_extension,0,0,0,0,0,0,0,0,0,0,0,0,0,0,,,,
1415323008.13132,pg_catalog,pg_amop,0,0,146278,212729,0,0,0,0,0,0,276,212453,906,311517,,,,
1415323008.13132,pg_catalog,pg_cast,0,0,528893,130940,0,0,0,0,0,0,200,130740,120,544731,,,,
1415323008.13132,pg_toast,pg_toast_2619,0,0,66658,222533,2453,0,2244,0,225,6,17456,89302,230,77792,,,,
1415323008.13132,pg_toast,pg_toast_11610,0,0,0,0,0,0,0,0,0,0,0,0,0,0,,,,
1415323008.13132,pg_toast,pg_toast_2604,0,0,0,0,0,0,0,0,0,0,0,0,0,0,,,,
1415323068.13313,pg_catalog,pg_auth_members,0,0,0,0,0,0,0,0,0,0,0,0,0,0,,,,
1415323068.13313,pg_catalog,pg_operator,0,0,126391,632948,0,0,0,0,0,0,1466,446185,1297,276079,,,,
1415323068.13313,pg_catalog,pg_aggregate,0,0,8661,8661,0,0,0,0,0,0,217,8444,564,14566,,,,
1415323068.13313,pg_catalog,pg_pltemplate,0,0,0,0,0,0,0,0,0,0,0,0,0,0,,,,
1415323068.13313,pg_toast,pg_toast_11615,0,0,0,0,0,0,0,0,0,0,0,0,0,0,,,,
1415323068.13313,pg_catalog,pg_description,0,0,2099,0,0,0,0,0,0,0,0,0,635,4044,0,0,0,0
1415323068.13313,pg_catalog,pg_language,0,0,0,0,0,0,0,0,0,0,0,0,0,0,,,,
1415323068.13313,pg_catalog,pg_ts_parser,0,0,0,0,0,0,0,0,0,0,0,0,0,0,,,,
1415323068.13313,public,part,6,12000000,0,0,2000000,0,0,0,2000000,0,79007,327715,0,0,,,,
1415323068.13313,pg_catalog,pg_shseclabel,0,0,0,0,0,0,0,0,0,0,0,0,0,0,,,,
1415323068.13313,public,region,2,10,0,0,5,0,0,0,5,0,1,3,0,0,,,,
1415323068.13313,pg_catalog,pg_foreign_table,0,0,0,0,0,0,0,0,0,0,0,0,0,0,,,,
1415323068.13313,pg_toast,pg_toast_11620,0,0,0,0,0,0,0,0,0,0,0,0,0,0,,,,
1415323068.13313,pg_catalog,pg_attrdef,0,0,0,0,0,0,0,0,0,0,0,0,0,0,0,0,0,0
1415323068.13313,pg_catalog,pg_ts_template,0,0,0,0,0,0,0,0,0,0,0,0,0,0,,,,
1415323068.13313,pg_catalog,pg_foreign_server,0,0,0,0,0,0,0,0,0,0,0,0,0,0,,,,
1415323068.13313,pg_catalog,pg_default_acl,0,0,1964,0,0,0,0,0,0,0,0,0,202,1762,,,,
1415323068.13313,public,lineitem,0,0,,,0,0,0,0,0,0,0,0,,,,,,
1415323068.13313,pg_toast,pg_toast_11595,0,0,0,0,0,0,0,0,0,0,0,0,0,0,,,,
1415323068.13313,information_schema,sql_packages,0,0,,,0,0,0,0,0,0,0,0,,,0,0,0,0
1415323068.13313,pg_catalog,pg_attribute,1177,7811,338442,749122,3054,78,2890,64,2411,8,6635,363120,1890,705862,,,,
1415323068.13313,pg_catalog,pg_statistic,0,0,92633,88818,646,1960,599,1574,496,143,6333,88032,711,198897,17456,89306,230,77800
1415323068.13313,pg_toast,pg_toast_2618,0,0,1808,5865,0,0,0,0,0,0,1400,1753,493,2241,,,,
1415323068.13313,pg_toast,pg_toast_3596,0,0,0,0,0,0,0,0,0,0,0,0,0,0,,,,
1415323068.13313,information_schema,sql_features,0,0,,,0,0,0,0,0,0,0,0,,,0,0,0,0
1415323068.13313,pg_catalog,pg_depend,0,0,20073,21558,3713,0,3644,0,6273,1141,3281,25105,5138,51886,,,,
1415323068.13313,pg_toast,pg_toast_11605,0,0,0,0,0,0,0,0,0,0,0,0,0,0,,,,
1415323068.13313,pg_catalog,pg_opclass,214,214,98775,1062843,0,0,0,0,0,0,128,379604,486,122241,,,,
1415323068.13313,pg_catalog,pg_proc,0,0,149389,221098,0,0,0,0,0,0,9871,155795,3593,330004,0,0,0,0
1415323068.13313,public,partsupp,3,24000000,0,0,8000000,0,0,0,8000000,0,340611,954509,0,0,,,,
1415323068.13313,pg_catalog,pg_trigger,0,0,0,0,0,0,0,0,0,0,0,0,0,0,0,0,0,0
1415323068.13313,information_schema,sql_languages,0,0,,,0,0,0,0,0,0,0,0,,,0,0,0,0
1415323068.13313,pg_catalog,pg_am,17199,17199,0,0,0,0,0,0,0,0,55,17144,0,0,,,,
1415323068.13313,pg_catalog,pg_largeobject_metadata,0,0,0,0,0,0,0,0,0,0,0,0,0,0,,,,
1415323068.13313,pg_catalog,pg_ts_config_map,0,0,0,0,0,0,0,0,0,0,0,0,0,0,,,,
1415323068.13313,pg_catalog,pg_type,0,0,377824,374146,974,0,955,0,349,79,1556,376689,2407,757895,,,,
1415323068.13313,information_schema,sql_sizing_profiles,0,0,,,0,0,0,0,0,0,0,0,,,0,0,0,0
1415323068.13313,pg_catalog,pg_shdepend,0,0,2612,512,0,0,0,0,0,0,229,283,899,2687,,,,
1415323068.13313,pg_catalog,pg_conversion,0,0,0,0,0,0,0,0,0,0,0,0,0,0,,,,
1415323068.13313,pg_catalog,pg_foreign_data_wrapper,0,0,0,0,0,0,0,0,0,0,0,0,0,0,,,,
1415323068.13313,pg_catalog,pg_opfamily,0,0,0,0,0,0,0,0,0,0,0,0,0,0,,,,
1415323068.13313,pg_catalog,pg_shdescription,0,0,0,0,0,0,0,0,0,0,0,0,0,0,0,0,0,0
1415323068.13313,pg_catalog,pg_tablespace,2,4,11992,11992,0,0,0,0,0,0,74,11920,148,23836,,,,
1415323068.13313,pg_catalog,pg_inherits,0,0,481,0,0,0,0,0,0,0,0,0,233,248,,,,
1415323068.13313,pg_toast,pg_toast_2606,0,0,0,0,0,0,0,0,0,0,0,0,0,0,,,,
1415323068.13313,pg_toast,pg_toast_2964,0,0,0,0,0,0,0,0,0,0,0,0,0,0,,,,
1415323068.13313,pg_catalog,pg_database,1356,5241,59633,59631,1,0,0,0,1,0,19,60969,217,94004,,,,
1415323068.13313,pg_toast,pg_toast_2620,0,0,0,0,0,0,0,0,0,0,0,0,0,0,,,,
1415323068.13313,information_schema,sql_sizing,0,0,,,0,0,0,0,0,0,0,0,,,0,0,0,0
1415323068.13313,pg_catalog,pg_amproc,214,428,72619,108029,0,0,0,0,0,0,180,70952,158,161926,,,,
1415323068.13313,public,nation,2,50,0,0,25,0,0,0,25,0,1,3,0,0,,,,
1415323068.13313,pg_catalog,pg_collation,0,0,0,0,0,0,0,0,0,0,0,0,0,0,,,,
1415323068.13313,pg_catalog,pg_constraint,0,0,119,56,63,0,56,0,9,0,36,341,64,619,0,0,0,0
1415323068.13313,pg_catalog,pg_range,0,0,3843,0,0,0,0,0,0,0,0,0,569,7117,,,,
1415323068.13313,pg_toast,pg_toast_11600,0,0,0,0,0,0,0,0,0,0,0,0,0,0,,,,
1415323068.13313,pg_toast,pg_toast_11590,0,0,0,0,0,0,0,0,0,0,0,0,0,0,,,,
1415323068.13313,public,time_statistics,0,0,,,1,0,0,0,1,0,1,0,,,,,,
1415323068.13313,public,orders,4,60000000,0,0,15000000,0,0,0,15000000,0,504554,1558780,0,0,,,,
1415323068.13313,information_schema,sql_implementation_info,0,0,,,0,0,0,0,0,0,0,0,,,0,0,0,0
1415323068.13313,pg_catalog,pg_user_mapping,0,0,0,0,0,0,0,0,0,0,0,0,0,0,,,,
1415323068.13313,pg_catalog,pg_largeobject,0,0,0,0,0,0,0,0,0,0,0,0,0,0,,,,
1415323068.13313,pg_catalog,pg_namespace,1090,19004,85502,69096,20,0,0,0,20,0,90,70147,1240,102903,,,,
1415323068.13313,information_schema,sql_parts,0,0,,,0,0,0,0,0,0,0,0,,,0,0,0,0
1415323068.13313,pg_catalog,pg_authid,501,501,33002,33002,0,0,0,0,0,0,60,33443,246,65758,,,,
1415323068.13313,pg_catalog,pg_index,2535,243795,165036,239223,353,0,333,0,130,43,834,222060,334,191353,,,,
1415323068.13313,pg_catalog,pg_ts_dict,0,0,0,0,0,0,0,0,0,0,0,0,0,0,,,,
1415323068.13313,pg_catalog,pg_class,6180,1331684,433356,402918,844,274,814,260,318,98,1934,455183,688,856190,,,,
1415323068.13313,public,supplier,4,400000,0,0,100000,0,0,0,100000,0,2312,15648,0,0,,,,
1415323068.13313,pg_toast,pg_toast_2396,0,0,0,0,0,0,0,0,0,0,0,0,0,0,,,,
1415323068.13313,pg_catalog,pg_enum,0,0,0,0,0,0,0,0,0,0,0,0,0,0,,,,
1415323068.13313,pg_catalog,pg_db_role_setting,0,0,51924,0,0,0,0,0,0,0,0,0,54,51870,0,0,0,0
1415323068.13313,public,customer,6,9000000,0,0,1500000,0,0,0,1500000,0,68533,294857,0,0,,,,
1415323068.13313,pg_catalog,pg_seclabel,0,0,2099,0,0,0,0,0,0,0,0,0,201,1898,0,0,0,0
1415323068.13313,pg_toast,pg_toast_2609,0,0,0,0,0,0,0,0,0,0,0,0,0,0,,,,
1415323068.13313,pg_toast,pg_toast_1255,0,0,0,0,0,0,0,0,0,0,0,0,0,0,,,,
1415323068.13313,pg_catalog,pg_rewrite,0,0,4776,3954,274,0,274,0,106,69,2379,3673,998,7140,1400,1753,493,2241
1415323068.13313,pg_catalog,pg_ts_config,0,0,0,0,0,0,0,0,0,0,0,0,0,0,,,,
1415323068.13313,pg_catalog,pg_extension,0,0,0,0,0,0,0,0,0,0,0,0,0,0,,,,
1415323068.13313,pg_catalog,pg_amop,0,0,146315,212774,0,0,0,0,0,0,276,212498,906,311599,,,,
1415323068.13313,pg_catalog,pg_cast,0,0,528982,130969,0,0,0,0,0,0,200,130769,120,544825,,,,
1415323068.13313,pg_toast,pg_toast_2619,0,0,66662,222541,2453,0,2244,0,225,6,17456,89306,230,77800,,,,
1415323068.13313,pg_toast,pg_toast_11610,0,0,0,0,0,0,0,0,0,0,0,0,0,0,,,,
1415323068.13313,pg_toast,pg_toast_2604,0,0,0,0,0,0,0,0,0,0,0,0,0,0,,,,
1415323128.13706,pg_catalog,pg_auth_members,0,0,0,0,0,0,0,0,0,0,0,0,0,0,,,,
1415323128.13706,pg_catalog,pg_operator,0,0,126406,632963,0,0,0,0,0,0,1466,446200,1297,276115,,,,
1415323128.13706,pg_catalog,pg_aggregate,0,0,8662,8662,0,0,0,0,0,0,217,8445,564,14568,,,,
1415323128.13706,pg_catalog,pg_pltemplate,0,0,0,0,0,0,0,0,0,0,0,0,0,0,,,,
1415323128.13706,pg_toast,pg_toast_11615,0,0,0,0,0,0,0,0,0,0,0,0,0,0,,,,
1415323128.13706,pg_catalog,pg_description,0,0,2099,0,0,0,0,0,0,0,0,0,635,4044,0,0,0,0
1415323128.13706,pg_catalog,pg_language,0,0,0,0,0,0,0,0,0,0,0,0,0,0,,,,
1415323128.13706,pg_catalog,pg_ts_parser,0,0,0,0,0,0,0,0,0,0,0,0,0,0,,,,
1415323128.13706,public,part,6,12000000,0,0,2000000,0,0,0,2000000,0,79007,327715,0,0,,,,
1415323128.13706,pg_catalog,pg_shseclabel,0,0,0,0,0,0,0,0,0,0,0,0,0,0,,,,
1415323128.13706,public,region,2,10,0,0,5,0,0,0,5,0,1,3,0,0,,,,
1415323128.13706,pg_catalog,pg_foreign_table,0,0,0,0,0,0,0,0,0,0,0,0,0,0,,,,
1415323128.13706,pg_toast,pg_toast_11620,0,0,0,0,0,0,0,0,0,0,0,0,0,0,,,,
1415323128.13706,pg_catalog,pg_attrdef,0,0,0,0,0,0,0,0,0,0,0,0,0,0,0,0,0,0
1415323128.13706,pg_catalog,pg_ts_template,0,0,0,0,0,0,0,0,0,0,0,0,0,0,,,,
1415323128.13706,pg_catalog,pg_foreign_server,0,0,0,0,0,0,0,0,0,0,0,0,0,0,,,,
1415323128.13706,pg_catalog,pg_default_acl,0,0,1964,0,0,0,0,0,0,0,0,0,202,1762,,,,
1415323128.13706,public,lineitem,0,0,,,59986052,0,0,0,59986052,0,1065680,2307885,,,,,,
1415323128.13706,pg_toast,pg_toast_11595,0,0,0,0,0,0,0,0,0,0,0,0,0,0,,,,
1415323128.13706,information_schema,sql_packages,0,0,,,0,0,0,0,0,0,0,0,,,0,0,0,0
1415323128.13706,pg_catalog,pg_attribute,1177,7811,338640,749465,3054,78,2890,64,2411,8,6635,363319,1890,706272,,,,
1415323128.13706,pg_catalog,pg_statistic,0,0,92656,88835,646,1960,599,1574,496,143,6333,88049,711,198947,17456,89308,230,77804
1415323128.13706,pg_toast,pg_toast_2618,0,0,1812,5878,0,0,0,0,0,0,1400,1760,493,2247,,,,
1415323128.13706,pg_toast,pg_toast_3596,0,0,0,0,0,0,0,0,0,0,0,0,0,0,,,,
1415323128.13706,information_schema,sql_features,0,0,,,0,0,0,0,0,0,0,0,,,0,0,0,0
1415323128.13706,pg_catalog,pg_depend,0,0,20073,21558,3713,0,3644,0,6273,1141,3281,25105,5138,51886,,,,
1415323128.13706,pg_toast,pg_toast_11605,0,0,0,0,0,0,0,0,0,0,0,0,0,0,,,,
1415323128.13706,pg_catalog,pg_opclass,214,214,98795,1062943,0,0,0,0,0,0,128,379640,486,122277,,,,
1415323128.13706,pg_catalog,pg_proc,0,0,149459,221196,0,0,0,0,0,0,9871,155877,3593,330156,0,0,0,0
1415323128.13706,public,partsupp,3,24000000,0,0,8000000,0,0,0,8000000,0,340611,954509,0,0,,,,
1415323128.13706,pg_catalog,pg_trigger,0,0,0,0,0,0,0,0,0,0,0,0,0,0,0,0,0,0
1415323128.13706,information_schema,sql_languages,0,0,,,0,0,0,0,0,0,0,0,,,0,0,0,0
1415323128.13706,pg_catalog,pg_am,17213,17213,0,0,0,0,0,0,0,0,55,17158,0,0,,,,
1415323128.13706,pg_catalog,pg_largeobject_metadata,0,0,0,0,0,0,0,0,0,0,0,0,0,0,,,,
1415323128.13706,pg_catalog,pg_ts_config_map,0,0,0,0,0,0,0,0,0,0,0,0,0,0,,,,
1415323128.13706,pg_catalog,pg_type,0,0,377899,374221,974,0,955,0,349,79,1556,376764,2407,758050,,,,
1415323128.13706,information_schema,sql_sizing_profiles,0,0,,,0,0,0,0,0,0,0,0,,,0,0,0,0
1415323128.13706,pg_catalog,pg_shdepend,0,0,2612,512,0,0,0,0,0,0,229,283,899,2687,,,,
1415323128.13706,pg_catalog,pg_conversion,0,0,0,0,0,0,0,0,0,0,0,0,0,0,,,,
1415323128.13706,pg_catalog,pg_foreign_data_wrapper,0,0,0,0,0,0,0,0,0,0,0,0,0,0,,,,
1415323128.13706,pg_catalog,pg_opfamily,0,0,0,0,0,0,0,0,0,0,0,0,0,0,,,,
1415323128.13706,pg_catalog,pg_shdescription,0,0,0,0,0,0,0,0,0,0,0,0,0,0,0,0,0,0
1415323128.13706,pg_catalog,pg_tablespace,2,4,11996,11996,0,0,0,0,0,0,74,11924,148,23844,,,,
1415323128.13706,pg_catalog,pg_inherits,0,0,481,0,0,0,0,0,0,0,0,0,233,248,,,,
1415323128.13706,pg_toast,pg_toast_2606,0,0,0,0,0,0,0,0,0,0,0,0,0,0,,,,
1415323128.13706,pg_toast,pg_toast_2964,0,0,0,0,0,0,0,0,0,0,0,0,0,0,,,,
1415323128.13706,pg_catalog,pg_database,1359,5253,59686,59684,1,0,0,0,1,0,19,61025,217,94087,,,,
1415323128.13706,pg_toast,pg_toast_2620,0,0,0,0,0,0,0,0,0,0,0,0,0,0,,,,
1415323128.13706,information_schema,sql_sizing,0,0,,,0,0,0,0,0,0,0,0,,,0,0,0,0
1415323128.13706,pg_catalog,pg_amproc,214,428,72639,108065,0,0,0,0,0,0,180,70972,158,161980,,,,
1415323128.13706,public,nation,2,50,0,0,25,0,0,0,25,0,1,3,0,0,,,,
1415323128.13706,pg_catalog,pg_collation,0,0,0,0,0,0,0,0,0,0,0,0,0,0,,,,
1415323128.13706,pg_catalog,pg_constraint,0,0,119,56,63,0,56,0,9,0,36,341,64,619,0,0,0,0
1415323128.13706,pg_catalog,pg_range,0,0,3843,0,0,0,0,0,0,0,0,0,569,7117,,,,
1415323128.13706,pg_toast,pg_toast_11600,0,0,0,0,0,0,0,0,0,0,0,0,0,0,,,,
1415323128.13706,pg_toast,pg_toast_11590,0,0,0,0,0,0,0,0,0,0,0,0,0,0,,,,
1415323128.13706,public,time_statistics,0,0,,,1,0,0,0,1,0,1,0,,,,,,
1415323128.13706,public,orders,4,60000000,0,0,15000000,0,0,0,15000000,0,504554,1558780,0,0,,,,
1415323128.13706,information_schema,sql_implementation_info,0,0,,,0,0,0,0,0,0,0,0,,,0,0,0,0
1415323128.13706,pg_catalog,pg_user_mapping,0,0,0,0,0,0,0,0,0,0,0,0,0,0,,,,
1415323128.13706,pg_catalog,pg_largeobject,0,0,0,0,0,0,0,0,0,0,0,0,0,0,,,,
1415323128.13706,pg_catalog,pg_namespace,1092,19056,85646,69235,20,0,0,0,20,0,90,70288,1240,103053,,,,
1415323128.13706,information_schema,sql_parts,0,0,,,0,0,0,0,0,0,0,0,,,0,0,0,0
1415323128.13706,pg_catalog,pg_authid,502,502,33028,33028,0,0,0,0,0,0,60,33470,246,65810,,,,
1415323128.13706,pg_catalog,pg_index,2539,244315,165075,239271,353,0,333,0,130,43,834,222123,334,191410,,,,
1415323128.13706,pg_catalog,pg_ts_dict,0,0,0,0,0,0,0,0,0,0,0,0,0,0,,,,
1415323128.13706,pg_catalog,pg_class,6190,1334311,433687,403248,844,274,814,260,318,98,1934,455604,688,856872,,,,
1415323128.13706,public,supplier,4,400000,0,0,100000,0,0,0,100000,0,2312,15648,0,0,,,,
1415323128.13706,pg_toast,pg_toast_2396,0,0,0,0,0,0,0,0,0,0,0,0,0,0,,,,
1415323128.13706,pg_catalog,pg_enum,0,0,0,0,0,0,0,0,0,0,0,0,0,0,,,,
1415323128.13706,pg_catalog,pg_db_role_setting,0,0,51969,0,0,0,0,0,0,0,0,0,54,51915,0,0,0,0
1415323128.13706,public,customer,6,9000000,0,0,1500000,0,0,0,1500000,0,68533,294857,0,0,,,,
1415323128.13706,pg_catalog,pg_seclabel,0,0,2099,0,0,0,0,0,0,0,0,0,201,1898,0,0,0,0
1415323128.13706,pg_toast,pg_toast_2609,0,0,0,0,0,0,0,0,0,0,0,0,0,0,,,,
1415323128.13706,pg_toast,pg_toast_1255,0,0,0,0,0,0,0,0,0,0,0,0,0,0,,,,
1415323128.13706,pg_catalog,pg_rewrite,0,0,4782,3960,274,0,274,0,106,69,2379,3679,998,7150,1400,1760,493,2247
1415323128.13706,pg_catalog,pg_ts_config,0,0,0,0,0,0,0,0,0,0,0,0,0,0,,,,
1415323128.13706,pg_catalog,pg_extension,0,0,0,0,0,0,0,0,0,0,0,0,0,0,,,,
1415323128.13706,pg_catalog,pg_amop,0,0,146338,212803,0,0,0,0,0,0,276,212527,906,311651,,,,
1415323128.13706,pg_catalog,pg_cast,0,0,529022,130991,0,0,0,0,0,0,200,130791,120,544869,,,,
1415323128.13706,pg_toast,pg_toast_2619,0,0,66664,222545,2453,0,2244,0,225,6,17456,89308,230,77804,,,,
1415323128.13706,pg_toast,pg_toast_11610,0,0,0,0,0,0,0,0,0,0,0,0,0,0,,,,
1415323128.13706,pg_toast,pg_toast_2604,0,0,0,0,0,0,0,0,0,0,0,0,0,0,,,,
1415323188.13957,pg_catalog,pg_auth_members,0,0,0,0,0,0,0,0,0,0,0,0,0,0,,,,
1415323188.13957,pg_catalog,pg_operator,0,0,126423,632980,0,0,0,0,0,0,1466,446217,1297,276157,,,,
1415323188.13957,pg_catalog,pg_aggregate,0,0,8663,8663,0,0,0,0,0,0,217,8446,564,14570,,,,
1415323188.13957,pg_catalog,pg_pltemplate,0,0,0,0,0,0,0,0,0,0,0,0,0,0,,,,
1415323188.13957,pg_toast,pg_toast_11615,0,0,0,0,0,0,0,0,0,0,0,0,0,0,,,,
1415323188.13957,pg_catalog,pg_description,0,0,2099,0,0,0,0,0,0,0,0,0,635,4044,0,0,0,0
1415323188.13957,pg_catalog,pg_language,0,0,0,0,0,0,0,0,0,0,0,0,0,0,,,,
1415323188.13957,pg_catalog,pg_ts_parser,0,0,0,0,0,0,0,0,0,0,0,0,0,0,,,,
1415323188.13957,public,part,6,12000000,0,0,2000000,0,0,0,2000000,0,79007,327715,0,0,,,,
1415323188.13957,pg_catalog,pg_shseclabel,0,0,0,0,0,0,0,0,0,0,0,0,0,0,,,,
1415323188.13957,public,region,2,10,0,0,5,0,0,0,5,0,1,3,0,0,,,,
1415323188.13957,pg_catalog,pg_foreign_table,0,0,0,0,0,0,0,0,0,0,0,0,0,0,,,,
1415323188.13957,pg_toast,pg_toast_11620,0,0,0,0,0,0,0,0,0,0,0,0,0,0,,,,
1415323188.13957,pg_catalog,pg_attrdef,0,0,0,0,0,0,0,0,0,0,0,0,0,0,0,0,0,0
1415323188.13957,pg_catalog,pg_ts_template,0,0,0,0,0,0,0,0,0,0,0,0,0,0,,,,
1415323188.13957,pg_catalog,pg_foreign_server,0,0,0,0,0,0,0,0,0,0,0,0,0,0,,,,
1415323188.13957,pg_catalog,pg_default_acl,0,0,1964,0,0,0,0,0,0,0,0,0,202,1762,,,,
1415323188.13957,public,lineitem,0,0,,,59986052,0,0,0,59986052,0,1065680,2307885,,,,,,
1415323188.13957,pg_toast,pg_toast_11595,0,0,0,0,0,0,0,0,0,0,0,0,0,0,,,,
1415323188.13957,information_schema,sql_packages,0,0,,,0,0,0,0,0,0,0,0,,,0,0,0,0
1415323188.13957,pg_catalog,pg_attribute,1177,7811,338831,749779,3054,78,2890,64,2411,8,6635,363511,1890,706660,,,,
1415323188.13957,pg_catalog,pg_statistic,0,0,92681,88854,646,1960,599,1574,496,130,6333,88068,711,199002,17456,89311,230,77810
1415323188.13957,pg_toast,pg_toast_2618,0,0,1816,5891,0,0,0,0,0,0,1400,1767,493,2253,,,,
1415323188.13957,pg_toast,pg_toast_3596,0,0,0,0,0,0,0,0,0,0,0,0,0,0,,,,
1415323188.13957,information_schema,sql_features,0,0,,,0,0,0,0,0,0,0,0,,,0,0,0,0
1415323188.13957,pg_catalog,pg_depend,0,0,20073,21558,3713,0,3644,0,6273,1141,3281,25105,5138,51886,,,,
1415323188.13957,pg_toast,pg_toast_11605,0,0,0,0,0,0,0,0,0,0,0,0,0,0,,,,
1415323188.13957,pg_catalog,pg_opclass,214,214,98812,1063116,0,0,0,0,0,0,128,379696,486,122303,,,,
1415323188.13957,pg_catalog,pg_proc,0,0,149535,221307,0,0,0,0,0,0,9871,155968,3593,330323,0,0,0,0
1415323188.13957,public,partsupp,3,24000000,0,0,8000000,0,0,0,8000000,0,340611,954509,0,0,,,,
1415323188.13957,pg_catalog,pg_trigger,0,0,0,0,0,0,0,0,0,0,0,0,0,0,0,0,0,0
1415323188.13957,information_schema,sql_languages,0,0,,,0,0,0,0,0,0,0,0,,,0,0,0,0
1415323188.13957,pg_catalog,pg_am,17219,17219,0,0,0,0,0,0,0,0,55,17164,0,0,,,,
1415323188.13957,pg_catalog,pg_largeobject_metadata,0,0,0,0,0,0,0,0,0,0,0,0,0,0,,,,
1415323188.13957,pg_catalog,pg_ts_config_map,0,0,0,0,0,0,0,0,0,0,0,0,0,0,,,,
1415323188.13957,pg_catalog,pg_type,0,0,377989,374311,974,0,955,0,349,79,1556,376854,2407,758235,,,,
1415323188.13957,information_schema,sql_sizing_profiles,0,0,,,0,0,0,0,0,0,0,0,,,0,0,0,0
1415323188.13957,pg_catalog,pg_shdepend,0,0,2612,512,0,0,0,0,0,0,229,283,899,2687,,,,
1415323188.13957,pg_catalog,pg_conversion,0,0,0,0,0,0,0,0,0,0,0,0,0,0,,,,
1415323188.13957,pg_catalog,pg_foreign_data_wrapper,0,0,0,0,0,0,0,0,0,0,0,0,0,0,,,,
1415323188.13957,pg_catalog,pg_opfamily,0,0,0,0,0,0,0,0,0,0,0,0,0,0,,,,
1415323188.13957,pg_catalog,pg_shdescription,0,0,0,0,0,0,0,0,0,0,0,0,0,0,0,0,0,0
1415323188.13957,pg_catalog,pg_tablespace,2,4,12001,12001,0,0,0,0,0,0,74,11929,148,23854,,,,
1415323188.13957,pg_catalog,pg_inherits,0,0,481,0,0,0,0,0,0,0,0,0,233,248,,,,
1415323188.13957,pg_toast,pg_toast_2606,0,0,0,0,0,0,0,0,0,0,0,0,0,0,,,,
1415323188.13957,pg_toast,pg_toast_2964,0,0,0,0,0,0,0,0,0,0,0,0,0,0,,,,
1415323188.13957,pg_catalog,pg_database,1362,5265,59722,59720,1,0,0,0,1,0,19,61064,217,94137,,,,
1415323188.13957,pg_toast,pg_toast_2620,0,0,0,0,0,0,0,0,0,0,0,0,0,0,,,,
1415323188.13957,information_schema,sql_sizing,0,0,,,0,0,0,0,0,0,0,0,,,0,0,0,0
1415323188.13957,pg_catalog,pg_amproc,214,428,72655,108090,0,0,0,0,0,0,180,70988,158,162018,,,,
1415323188.13957,public,nation,2,50,0,0,25,0,0,0,25,0,1,3,0,0,,,,
1415323188.13957,pg_catalog,pg_collation,0,0,0,0,0,0,0,0,0,0,0,0,0,0,,,,
1415323188.13957,pg_catalog,pg_constraint,0,0,119,56,63,0,56,0,9,0,36,341,64,619,0,0,0,0
1415323188.13957,pg_catalog,pg_range,0,0,3843,0,0,0,0,0,0,0,0,0,569,7117,,,,
1415323188.13957,pg_toast,pg_toast_11600,0,0,0,0,0,0,0,0,0,0,0,0,0,0,,,,
1415323188.13957,pg_toast,pg_toast_11590,0,0,0,0,0,0,0,0,0,0,0,0,0,0,,,,
1415323188.13957,public,time_statistics,0,0,,,1,0,0,0,1,0,1,0,,,,,,
1415323188.13957,public,orders,4,60000000,0,0,15000000,0,0,0,15000000,0,504554,1558780,0,0,,,,
1415323188.13957,information_schema,sql_implementation_info,0,0,,,0,0,0,0,0,0,0,0,,,0,0,0,0
1415323188.13957,pg_catalog,pg_user_mapping,0,0,0,0,0,0,0,0,0,0,0,0,0,0,,,,
1415323188.13957,pg_catalog,pg_largeobject,0,0,0,0,0,0,0,0,0,0,0,0,0,0,,,,
1415323188.13957,pg_catalog,pg_namespace,1094,19108,85792,69376,20,0,0,0,20,0,90,70431,1240,103206,,,,
1415323188.13957,information_schema,sql_parts,0,0,,,0,0,0,0,0,0,0,0,,,0,0,0,0
1415323188.13957,pg_catalog,pg_authid,503,503,33038,33038,0,0,0,0,0,0,60,33481,246,65830,,,,
1415323188.13957,pg_catalog,pg_index,2543,244835,165109,239315,353,0,333,0,130,43,834,222181,334,191455,,,,
1415323188.13957,pg_catalog,pg_ts_dict,0,0,0,0,0,0,0,0,0,0,0,0,0,0,,,,
1415323188.13957,pg_catalog,pg_class,6201,1337256,434007,403568,844,274,814,260,318,98,1934,456024,688,857524,,,,
1415323188.13957,public,supplier,4,400000,0,0,100000,0,0,0,100000,0,2312,15648,0,0,,,,
1415323188.13957,pg_toast,pg_toast_2396,0,0,0,0,0,0,0,0,0,0,0,0,0,0,,,,
1415323188.13957,pg_catalog,pg_enum,0,0,0,0,0,0,0,0,0,0,0,0,0,0,,,,
1415323188.13957,pg_catalog,pg_db_role_setting,0,0,51990,0,0,0,0,0,0,0,0,0,54,51936,0,0,0,0
1415323188.13957,public,customer,6,9000000,0,0,1500000,0,0,0,1500000,0,68533,294857,0,0,,,,
1415323188.13957,pg_catalog,pg_seclabel,0,0,2099,0,0,0,0,0,0,0,0,0,201,1898,0,0,0,0
1415323188.13957,pg_toast,pg_toast_2609,0,0,0,0,0,0,0,0,0,0,0,0,0,0,,,,
1415323188.13957,pg_toast,pg_toast_1255,0,0,0,0,0,0,0,0,0,0,0,0,0,0,,,,
1415323188.13957,pg_catalog,pg_rewrite,0,0,4789,3967,274,0,274,0,106,69,2379,3686,998,7162,1400,1767,493,2253
1415323188.13957,pg_catalog,pg_ts_config,0,0,0,0,0,0,0,0,0,0,0,0,0,0,,,,
1415323188.13957,pg_catalog,pg_extension,0,0,0,0,0,0,0,0,0,0,0,0,0,0,,,,
1415323188.13957,pg_catalog,pg_amop,0,0,146371,212844,0,0,0,0,0,0,276,212568,906,311725,,,,
1415323188.13957,pg_catalog,pg_cast,0,0,529090,131019,0,0,0,0,0,0,200,130819,120,544942,,,,
1415323188.13957,pg_toast,pg_toast_2619,0,0,66667,222551,2453,0,2244,0,225,6,17456,89311,230,77810,,,,
1415323188.13957,pg_toast,pg_toast_11610,0,0,0,0,0,0,0,0,0,0,0,0,0,0,,,,
1415323188.13957,pg_toast,pg_toast_2604,0,0,0,0,0,0,0,0,0,0,0,0,0,0,,,,
1415323248.19295,pg_catalog,pg_auth_members,0,0,0,0,0,0,0,0,0,0,0,0,0,0,,,,
1415323248.19295,pg_catalog,pg_operator,0,0,126444,633001,0,0,0,0,0,0,1466,446238,1298,276210,,,,
1415323248.19295,pg_catalog,pg_aggregate,0,0,8664,8664,0,0,0,0,0,0,217,8447,564,14572,,,,
1415323248.19295,pg_catalog,pg_pltemplate,0,0,0,0,0,0,0,0,0,0,0,0,0,0,,,,
1415323248.19295,pg_toast,pg_toast_11615,0,0,0,0,0,0,0,0,0,0,0,0,0,0,,,,
1415323248.19295,pg_catalog,pg_description,0,0,2099,0,0,0,0,0,0,0,0,0,635,4044,0,0,0,0
1415323248.19295,pg_catalog,pg_language,0,0,0,0,0,0,0,0,0,0,0,0,0,0,,,,
1415323248.19295,pg_catalog,pg_ts_parser,0,0,0,0,0,0,0,0,0,0,0,0,0,0,,,,
1415323248.19295,public,part,6,12000000,0,0,2000000,0,0,0,2000000,0,79007,327715,0,0,,,,
1415323248.19295,pg_catalog,pg_shseclabel,0,0,0,0,0,0,0,0,0,0,0,0,0,0,,,,
1415323248.19295,public,region,2,10,0,0,5,0,0,0,5,0,1,3,0,0,,,,
1415323248.19295,pg_catalog,pg_foreign_table,0,0,0,0,0,0,0,0,0,0,0,0,0,0,,,,
1415323248.19295,pg_toast,pg_toast_11620,0,0,0,0,0,0,0,0,0,0,0,0,0,0,,,,
1415323248.19295,pg_catalog,pg_attrdef,0,0,0,0,0,0,0,0,0,0,0,0,0,0,0,0,0,0
1415323248.19295,pg_catalog,pg_ts_template,0,0,0,0,0,0,0,0,0,0,0,0,0,0,,,,
1415323248.19295,pg_catalog,pg_foreign_server,0,0,0,0,0,0,0,0,0,0,0,0,0,0,,,,
1415323248.19295,pg_catalog,pg_default_acl,0,0,1964,0,0,0,0,0,0,0,0,0,202,1762,,,,
1415323248.19295,public,lineitem,4,239944208,0,0,59986052,0,0,0,59986052,0,5269984,2365249,0,0,,,,
1415323248.19295,pg_toast,pg_toast_11595,0,0,0,0,0,0,0,0,0,0,0,0,0,0,,,,
1415323248.19295,information_schema,sql_packages,0,0,,,0,0,0,0,0,0,0,0,,,0,0,0,0
1415323248.19295,pg_catalog,pg_attribute,1177,7811,339059,750297,3058,80,2890,66,2415,8,6635,363755,1890,707141,,,,
1415323248.19295,pg_catalog,pg_statistic,0,0,92706,88873,646,1960,599,1574,496,130,6333,88087,711,199057,17456,89314,230,77816
1415323248.19295,pg_toast,pg_toast_2618,0,0,1820,5904,0,0,0,0,0,0,1400,1774,493,2259,,,,
1415323248.19295,pg_toast,pg_toast_3596,0,0,0,0,0,0,0,0,0,0,0,0,0,0,,,,
1415323248.19295,information_schema,sql_features,0,0,,,0,0,0,0,0,0,0,0,,,0,0,0,0
1415323248.19295,pg_catalog,pg_depend,0,0,20089,21573,3722,0,3644,0,6282,1141,3282,25137,5138,51960,,,,
1415323248.19295,pg_toast,pg_toast_11605,0,0,0,0,0,0,0,0,0,0,0,0,0,0,,,,
1415323248.19295,pg_catalog,pg_opclass,214,214,98840,1063460,0,0,0,0,0,0,128,379795,486,122343,,,,
1415323248.19295,pg_catalog,pg_proc,0,0,149613,221420,0,0,0,0,0,0,9872,156060,3593,330496,0,0,0,0
1415323248.19295,public,partsupp,3,24000000,0,0,8000000,0,0,0,8000000,0,340611,954509,0,0,,,,
1415323248.19295,pg_catalog,pg_trigger,0,0,0,0,0,0,0,0,0,0,0,0,0,0,0,0,0,0
1415323248.19295,information_schema,sql_languages,0,0,,,0,0,0,0,0,0,0,0,,,0,0,0,0
1415323248.19295,pg_catalog,pg_am,17228,17228,0,0,0,0,0,0,0,0,55,17173,0,0,,,,
1415323248.19295,pg_catalog,pg_largeobject_metadata,0,0,0,0,0,0,0,0,0,0,0,0,0,0,,,,
1415323248.19295,pg_catalog,pg_ts_config_map,0,0,0,0,0,0,0,0,0,0,0,0,0,0,,,,
1415323248.19295,pg_catalog,pg_type,0,0,378085,374407,974,0,955,0,349,79,1556,376950,2407,758435,,,,
1415323248.19295,information_schema,sql_sizing_profiles,0,0,,,0,0,0,0,0,0,0,0,,,0,0,0,0
1415323248.19295,pg_catalog,pg_shdepend,0,0,2612,512,0,0,0,0,0,0,229,283,899,2687,,,,
1415323248.19295,pg_catalog,pg_conversion,0,0,0,0,0,0,0,0,0,0,0,0,0,0,,,,
1415323248.19295,pg_catalog,pg_foreign_data_wrapper,0,0,0,0,0,0,0,0,0,0,0,0,0,0,,,,
1415323248.19295,pg_catalog,pg_opfamily,0,0,0,0,0,0,0,0,0,0,0,0,0,0,,,,
1415323248.19295,pg_catalog,pg_shdescription,0,0,0,0,0,0,0,0,0,0,0,0,0,0,0,0,0,0
1415323248.19295,pg_catalog,pg_tablespace,2,4,12006,12006,0,0,0,0,0,0,74,11934,148,23864,,,,
1415323248.19295,pg_catalog,pg_inherits,0,0,481,0,0,0,0,0,0,0,0,0,233,248,,,,
1415323248.19295,pg_toast,pg_toast_2606,0,0,0,0,0,0,0,0,0,0,0,0,0,0,,,,
1415323248.19295,pg_toast,pg_toast_2964,0,0,0,0,0,0,0,0,0,0,0,0,0,0,,,,
1415323248.19295,pg_catalog,pg_database,1365,5277,59758,59756,1,0,0,0,1,0,19,61103,217,94187,,,,
1415323248.19295,pg_toast,pg_toast_2620,0,0,0,0,0,0,0,0,0,0,0,0,0,0,,,,
1415323248.19295,information_schema,sql_sizing,0,0,,,0,0,0,0,0,0,0,0,,,0,0,0,0
1415323248.19295,pg_catalog,pg_amproc,214,428,72675,108123,0,0,0,0,0,0,180,71008,158,162064,,,,
1415323248.19295,public,nation,2,50,0,0,25,0,0,0,25,0,1,3,0,0,,,,
1415323248.19295,pg_catalog,pg_collation,0,0,0,0,0,0,0,0,0,0,0,0,0,0,,,,
1415323248.19295,pg_catalog,pg_constraint,0,0,120,56,64,0,56,0,10,0,36,345,64,628,0,0,0,0
1415323248.19295,pg_catalog,pg_range,0,0,3843,0,0,0,0,0,0,0,0,0,569,7117,,,,
1415323248.19295,pg_toast,pg_toast_11600,0,0,0,0,0,0,0,0,0,0,0,0,0,0,,,,
1415323248.19295,pg_toast,pg_toast_11590,0,0,0,0,0,0,0,0,0,0,0,0,0,0,,,,
1415323248.19295,public,time_statistics,0,0,,,1,0,0,0,1,0,1,0,,,,,,
1415323248.19295,public,orders,4,60000000,0,0,15000000,0,0,0,15000000,0,504554,1558780,0,0,,,,
1415323248.19295,information_schema,sql_implementation_info,0,0,,,0,0,0,0,0,0,0,0,,,0,0,0,0
1415323248.19295,pg_catalog,pg_user_mapping,0,0,0,0,0,0,0,0,0,0,0,0,0,0,,,,
1415323248.19295,pg_catalog,pg_largeobject,0,0,0,0,0,0,0,0,0,0,0,0,0,0,,,,
1415323248.19295,pg_catalog,pg_namespace,1096,19160,85944,69520,20,0,0,0,20,0,90,70577,1240,103368,,,,
1415323248.19295,information_schema,sql_parts,0,0,,,0,0,0,0,0,0,0,0,,,0,0,0,0
1415323248.19295,pg_catalog,pg_authid,504,504,33048,33048,0,0,0,0,0,0,60,33492,246,65850,,,,
1415323248.19295,pg_catalog,pg_index,2547,245355,165172,239402,356,0,333,0,133,43,834,222279,334,191538,,,,
1415323248.19295,pg_catalog,pg_ts_dict,0,0,0,0,0,0,0,0,0,0,0,0,0,0,,,,
1415323248.19295,pg_catalog,pg_class,6212,1340203,434379,403931,847,274,814,260,321,98,1934,456506,688,858295,,,,
1415323248.19295,public,supplier,4,400000,0,0,100000,0,0,0,100000,0,2312,15648,0,0,,,,
1415323248.19295,pg_toast,pg_toast_2396,0,0,0,0,0,0,0,0,0,0,0,0,0,0,,,,
1415323248.19295,pg_catalog,pg_enum,0,0,0,0,0,0,0,0,0,0,0,0,0,0,,,,
1415323248.19295,pg_catalog,pg_db_role_setting,0,0,52011,0,0,0,0,0,0,0,0,0,54,51957,0,0,0,0
1415323248.19295,public,customer,6,9000000,0,0,1500000,0,0,0,1500000,0,68533,294857,0,0,,,,
1415323248.19295,pg_catalog,pg_seclabel,0,0,2099,0,0,0,0,0,0,0,0,0,201,1898,0,0,0,0
1415323248.19295,pg_toast,pg_toast_2609,0,0,0,0,0,0,0,0,0,0,0,0,0,0,,,,
1415323248.19295,pg_toast,pg_toast_1255,0,0,0,0,0,0,0,0,0,0,0,0,0,0,,,,
1415323248.19295,pg_catalog,pg_rewrite,0,0,4796,3974,274,0,274,0,106,69,2379,3693,998,7174,1400,1774,493,2259
1415323248.19295,pg_catalog,pg_ts_config,0,0,0,0,0,0,0,0,0,0,0,0,0,0,,,,
1415323248.19295,pg_catalog,pg_extension,0,0,0,0,0,0,0,0,0,0,0,0,0,0,,,,
1415323248.19295,pg_catalog,pg_amop,0,0,146404,212885,0,0,0,0,0,0,276,212609,906,311799,,,,
1415323248.19295,pg_catalog,pg_cast,0,0,529197,131068,0,0,0,0,0,0,200,130868,120,545057,,,,
1415323248.19295,pg_toast,pg_toast_2619,0,0,66670,222557,2453,0,2244,0,225,6,17456,89314,230,77816,,,,
1415323248.19295,pg_toast,pg_toast_11610,0,0,0,0,0,0,0,0,0,0,0,0,0,0,,,,
1415323248.19295,pg_toast,pg_toast_2604,0,0,0,0,0,0,0,0,0,0,0,0,0,0,,,,
1415323308.15437,pg_catalog,pg_auth_members,0,0,0,0,0,0,0,0,0,0,0,0,0,0,,,,
1415323308.15437,pg_catalog,pg_operator,0,0,126466,633023,0,0,0,0,0,0,1466,446260,1298,276267,,,,
1415323308.15437,pg_catalog,pg_aggregate,0,0,8665,8665,0,0,0,0,0,0,217,8448,564,14574,,,,
1415323308.15437,pg_catalog,pg_pltemplate,0,0,0,0,0,0,0,0,0,0,0,0,0,0,,,,
1415323308.15437,pg_toast,pg_toast_11615,0,0,0,0,0,0,0,0,0,0,0,0,0,0,,,,
1415323308.15437,pg_catalog,pg_description,0,0,2099,0,0,0,0,0,0,0,0,0,635,4044,0,0,0,0
1415323308.15437,pg_catalog,pg_language,0,0,0,0,0,0,0,0,0,0,0,0,0,0,,,,
1415323308.15437,pg_catalog,pg_ts_parser,0,0,0,0,0,0,0,0,0,0,0,0,0,0,,,,
1415323308.15437,public,part,6,12000000,0,0,2000000,0,0,0,2000000,0,79007,327715,0,0,,,,
1415323308.15437,pg_catalog,pg_shseclabel,0,0,0,0,0,0,0,0,0,0,0,0,0,0,,,,
1415323308.15437,public,region,2,10,0,0,5,0,0,0,5,0,1,3,0,0,,,,
1415323308.15437,pg_catalog,pg_foreign_table,0,0,0,0,0,0,0,0,0,0,0,0,0,0,,,,
1415323308.15437,pg_toast,pg_toast_11620,0,0,0,0,0,0,0,0,0,0,0,0,0,0,,,,
1415323308.15437,pg_catalog,pg_attrdef,0,0,0,0,0,0,0,0,0,0,0,0,0,0,0,0,0,0
1415323308.15437,pg_catalog,pg_ts_template,0,0,0,0,0,0,0,0,0,0,0,0,0,0,,,,
1415323308.15437,pg_catalog,pg_foreign_server,0,0,0,0,0,0,0,0,0,0,0,0,0,0,,,,
1415323308.15437,pg_catalog,pg_default_acl,0,0,1964,0,0,0,0,0,0,0,0,0,202,1762,,,,
1415323308.15437,public,lineitem,5,299930260,0,0,59986052,0,0,0,59986052,0,6325999,2374651,0,0,,,,
1415323308.15437,pg_toast,pg_toast_11595,0,0,0,0,0,0,0,0,0,0,0,0,0,0,,,,
1415323308.15437,information_schema,sql_packages,0,0,,,0,0,0,0,0,0,0,0,,,0,0,0,0
1415323308.15437,pg_catalog,pg_attribute,1177,7811,339288,750751,3059,80,2890,66,2416,8,6635,363989,1890,707610,,,,
1415323308.15437,pg_catalog,pg_statistic,0,0,92737,88896,646,1960,599,1574,496,130,6333,88110,711,199126,17456,89318,230,77824
1415323308.15437,pg_toast,pg_toast_2618,0,0,1824,5917,0,0,0,0,0,0,1400,1781,493,2265,,,,
1415323308.15437,pg_toast,pg_toast_3596,0,0,0,0,0,0,0,0,0,0,0,0,0,0,,,,
1415323308.15437,information_schema,sql_features,0,0,,,0,0,0,0,0,0,0,0,,,0,0,0,0
1415323308.15437,pg_catalog,pg_depend,0,0,20094,21578,3725,0,3644,0,6285,1141,3282,25148,5138,51984,,,,
1415323308.15437,pg_toast,pg_toast_11605,0,0,0,0,0,0,0,0,0,0,0,0,0,0,,,,
1415323308.15437,pg_catalog,pg_opclass,214,214,98865,1063757,0,0,0,0,0,0,128,379890,486,122379,,,,
1415323308.15437,pg_catalog,pg_proc,0,0,149702,221558,0,0,0,0,0,0,9872,156170,3593,330696,0,0,0,0
1415323308.15437,public,partsupp,3,24000000,0,0,8000000,0,0,0,8000000,0,340611,954509,0,0,,,,
1415323308.15437,pg_catalog,pg_trigger,0,0,0,0,0,0,0,0,0,0,0,0,0,0,0,0,0,0
1415323308.15437,information_schema,sql_languages,0,0,,,0,0,0,0,0,0,0,0,,,0,0,0,0
1415323308.15437,pg_catalog,pg_am,17235,17235,0,0,0,0,0,0,0,0,55,17180,0,0,,,,
1415323308.15437,pg_catalog,pg_largeobject_metadata,0,0,0,0,0,0,0,0,0,0,0,0,0,0,,,,
1415323308.15437,pg_catalog,pg_ts_config_map,0,0,0,0,0,0,0,0,0,0,0,0,0,0,,,,
1415323308.15437,pg_catalog,pg_type,0,0,378212,374534,974,0,955,0,349,79,1556,377077,2407,758697,,,,
1415323308.15437,information_schema,sql_sizing_profiles,0,0,,,0,0,0,0,0,0,0,0,,,0,0,0,0
1415323308.15437,pg_catalog,pg_shdepend,0,0,2612,512,0,0,0,0,0,0,229,283,899,2687,,,,
1415323308.15437,pg_catalog,pg_conversion,0,0,0,0,0,0,0,0,0,0,0,0,0,0,,,,
1415323308.15437,pg_catalog,pg_foreign_data_wrapper,0,0,0,0,0,0,0,0,0,0,0,0,0,0,,,,
1415323308.15437,pg_catalog,pg_opfamily,0,0,0,0,0,0,0,0,0,0,0,0,0,0,,,,
1415323308.15437,pg_catalog,pg_shdescription,0,0,0,0,0,0,0,0,0,0,0,0,0,0,0,0,0,0
1415323308.15437,pg_catalog,pg_tablespace,2,4,12013,12013,0,0,0,0,0,0,74,11941,148,23878,,,,
1415323308.15437,pg_catalog,pg_inherits,0,0,481,0,0,0,0,0,0,0,0,0,233,248,,,,
1415323308.15437,pg_toast,pg_toast_2606,0,0,0,0,0,0,0,0,0,0,0,0,0,0,,,,
1415323308.15437,pg_toast,pg_toast_2964,0,0,0,0,0,0,0,0,0,0,0,0,0,0,,,,
1415323308.15437,pg_catalog,pg_database,1368,5289,59799,59797,1,0,0,0,1,0,19,61147,217,94242,,,,
1415323308.15437,pg_toast,pg_toast_2620,0,0,0,0,0,0,0,0,0,0,0,0,0,0,,,,
1415323308.15437,information_schema,sql_sizing,0,0,,,0,0,0,0,0,0,0,0,,,0,0,0,0
1415323308.15437,pg_catalog,pg_amproc,214,428,72697,108156,0,0,0,0,0,0,180,71030,158,162114,,,,
1415323308.15437,public,nation,2,50,0,0,25,0,0,0,25,0,1,3,0,0,,,,
1415323308.15437,pg_catalog,pg_collation,0,0,0,0,0,0,0,0,0,0,0,0,0,0,,,,
1415323308.15437,pg_catalog,pg_constraint,0,0,120,56,64,0,56,0,10,0,36,345,64,628,0,0,0,0
1415323308.15437,pg_catalog,pg_range,0,0,3843,0,0,0,0,0,0,0,0,0,569,7117,,,,
1415323308.15437,pg_toast,pg_toast_11600,0,0,0,0,0,0,0,0,0,0,0,0,0,0,,,,
1415323308.15437,pg_toast,pg_toast_11590,0,0,0,0,0,0,0,0,0,0,0,0,0,0,,,,
1415323308.15437,public,time_statistics,0,0,,,1,0,0,0,1,0,1,0,,,,,,
1415323308.15437,public,orders,4,60000000,0,0,15000000,0,0,0,15000000,0,504554,1558780,0,0,,,,
1415323308.15437,information_schema,sql_implementation_info,0,0,,,0,0,0,0,0,0,0,0,,,0,0,0,0
1415323308.15437,pg_catalog,pg_user_mapping,0,0,0,0,0,0,0,0,0,0,0,0,0,0,,,,
1415323308.15437,pg_catalog,pg_largeobject,0,0,0,0,0,0,0,0,0,0,0,0,0,0,,,,
1415323308.15437,pg_catalog,pg_namespace,1098,19212,86101,69669,20,0,0,0,20,0,90,70728,1240,103535,,,,
1415323308.15437,information_schema,sql_parts,0,0,,,0,0,0,0,0,0,0,0,,,0,0,0,0
1415323308.15437,pg_catalog,pg_authid,506,506,33058,33058,0,0,0,0,0,0,60,33504,246,65870,,,,
1415323308.15437,pg_catalog,pg_index,2551,245887,165220,239467,357,0,333,0,134,43,834,222355,334,191602,,,,
1415323308.15437,pg_catalog,pg_ts_dict,0,0,0,0,0,0,0,0,0,0,0,0,0,0,,,,
1415323308.15437,pg_catalog,pg_class,6224,1343497,434737,404286,848,274,814,260,322,98,1934,456976,688,859030,,,,
1415323308.15437,public,supplier,4,400000,0,0,100000,0,0,0,100000,0,2312,15648,0,0,,,,
1415323308.15437,pg_toast,pg_toast_2396,0,0,0,0,0,0,0,0,0,0,0,0,0,0,,,,
1415323308.15437,pg_catalog,pg_enum,0,0,0,0,0,0,0,0,0,0,0,0,0,0,,,,
1415323308.15437,pg_catalog,pg_db_role_setting,0,0,52032,0,0,0,0,0,0,0,0,0,54,51978,0,0,0,0
1415323308.15437,public,customer,6,9000000,0,0,1500000,0,0,0,1500000,0,68533,294857,0,0,,,,
1415323308.15437,pg_catalog,pg_seclabel,0,0,2099,0,0,0,0,0,0,0,0,0,201,1898,0,0,0,0
1415323308.15437,pg_toast,pg_toast_2609,0,0,0,0,0,0,0,0,0,0,0,0,0,0,,,,
1415323308.15437,pg_toast,pg_toast_1255,0,0,0,0,0,0,0,0,0,0,0,0,0,0,,,,
1415323308.15437,pg_catalog,pg_rewrite,0,0,4805,3983,274,0,274,0,106,69,2379,3702,998,7190,1400,1781,493,2265
1415323308.15437,pg_catalog,pg_ts_config,0,0,0,0,0,0,0,0,0,0,0,0,0,0,,,,
1415323308.15437,pg_catalog,pg_extension,0,0,0,0,0,0,0,0,0,0,0,0,0,0,,,,
1415323308.15437,pg_catalog,pg_amop,0,0,146453,212946,0,0,0,0,0,0,276,212670,906,311909,,,,
1415323308.15437,pg_catalog,pg_cast,0,0,529313,131114,0,0,0,0,0,0,200,130914,120,545181,,,,
1415323308.15437,pg_toast,pg_toast_2619,0,0,66674,222565,2453,0,2244,0,225,6,17456,89318,230,77824,,,,
1415323308.15437,pg_toast,pg_toast_11610,0,0,0,0,0,0,0,0,0,0,0,0,0,0,,,,
1415323308.15437,pg_toast,pg_toast_2604,0,0,0,0,0,0,0,0,0,0,0,0,0,0,,,,
1415323368.15984,pg_catalog,pg_auth_members,0,0,0,0,0,0,0,0,0,0,0,0,0,0,,,,
1415323368.15984,pg_catalog,pg_operator,0,0,126480,633037,0,0,0,0,0,0,1466,446274,1298,276300,,,,
1415323368.15984,pg_catalog,pg_aggregate,0,0,8666,8666,0,0,0,0,0,0,217,8449,564,14576,,,,
1415323368.15984,pg_catalog,pg_pltemplate,0,0,0,0,0,0,0,0,0,0,0,0,0,0,,,,
1415323368.15984,pg_toast,pg_toast_11615,0,0,0,0,0,0,0,0,0,0,0,0,0,0,,,,
1415323368.15984,pg_catalog,pg_description,0,0,2099,0,0,0,0,0,0,0,0,0,635,4044,0,0,0,0
1415323368.15984,pg_catalog,pg_language,0,0,0,0,0,0,0,0,0,0,0,0,0,0,,,,
1415323368.15984,pg_catalog,pg_ts_parser,0,0,0,0,0,0,0,0,0,0,0,0,0,0,,,,
1415323368.15984,public,part,6,12000000,0,0,2000000,0,0,0,2000000,0,79007,327715,0,0,,,,
1415323368.15984,pg_catalog,pg_shseclabel,0,0,0,0,0,0,0,0,0,0,0,0,0,0,,,,
1415323368.15984,public,region,2,10,0,0,5,0,0,0,5,0,1,3,0,0,,,,
1415323368.15984,pg_catalog,pg_foreign_table,0,0,0,0,0,0,0,0,0,0,0,0,0,0,,,,
1415323368.15984,pg_toast,pg_toast_11620,0,0,0,0,0,0,0,0,0,0,0,0,0,0,,,,
1415323368.15984,pg_catalog,pg_attrdef,0,0,0,0,0,0,0,0,0,0,0,0,0,0,0,0,0,0
1415323368.15984,pg_catalog,pg_ts_template,0,0,0,0,0,0,0,0,0,0,0,0,0,0,,,,
1415323368.15984,pg_catalog,pg_foreign_server,0,0,0,0,0,0,0,0,0,0,0,0,0,0,,,,
1415323368.15984,pg_catalog,pg_default_acl,0,0,1964,0,0,0,0,0,0,0,0,0,202,1762,,,,
1415323368.15984,public,lineitem,7,419902364,0,0,59986052,0,0,0,59986052,0,8412327,2419157,0,0,,,,
1415323368.15984,pg_toast,pg_toast_11595,0,0,0,0,0,0,0,0,0,0,0,0,0,0,,,,
1415323368.15984,information_schema,sql_packages,0,0,,,0,0,0,0,0,0,0,0,,,0,0,0,0
1415323368.15984,pg_catalog,pg_attribute,1177,7811,339478,751219,3063,80,2890,66,2420,8,6635,364190,1890,708014,,,,
1415323368.15984,pg_catalog,pg_statistic,0,0,92756,88911,646,1960,599,1574,496,130,6333,88125,711,199167,17456,89320,230,77828
1415323368.15984,pg_toast,pg_toast_2618,0,0,1828,5930,0,0,0,0,0,0,1400,1788,493,2271,,,,
1415323368.15984,pg_toast,pg_toast_3596,0,0,0,0,0,0,0,0,0,0,0,0,0,0,,,,
1415323368.15984,information_schema,sql_features,0,0,,,0,0,0,0,0,0,0,0,,,0,0,0,0
1415323368.15984,pg_catalog,pg_depend,0,0,20102,21586,3729,0,3644,0,6289,1141,3282,25166,5138,52020,,,,
1415323368.15984,pg_toast,pg_toast_11605,0,0,0,0,0,0,0,0,0,0,0,0,0,0,,,,
1415323368.15984,pg_catalog,pg_opclass,214,214,98887,1064019,0,0,0,0,0,0,128,379960,486,122411,,,,
1415323368.15984,pg_catalog,pg_proc,0,0,149766,221643,0,0,0,0,0,0,9872,156243,3593,330833,0,0,0,0
1415323368.15984,public,partsupp,3,24000000,0,0,8000000,0,0,0,8000000,0,340611,954509,0,0,,,,
1415323368.15984,pg_catalog,pg_trigger,0,0,0,0,0,0,0,0,0,0,0,0,0,0,0,0,0,0
1415323368.15984,information_schema,sql_languages,0,0,,,0,0,0,0,0,0,0,0,,,0,0,0,0
1415323368.15984,pg_catalog,pg_am,17243,17243,0,0,0,0,0,0,0,0,55,17188,0,0,,,,
1415323368.15984,pg_catalog,pg_largeobject_metadata,0,0,0,0,0,0,0,0,0,0,0,0,0,0,,,,
1415323368.15984,pg_catalog,pg_ts_config_map,0,0,0,0,0,0,0,0,0,0,0,0,0,0,,,,
1415323368.15984,pg_catalog,pg_type,0,0,378270,374592,974,0,955,0,349,79,1556,377135,2407,758818,,,,
1415323368.15984,information_schema,sql_sizing_profiles,0,0,,,0,0,0,0,0,0,0,0,,,0,0,0,0
1415323368.15984,pg_catalog,pg_shdepend,0,0,2612,512,0,0,0,0,0,0,229,283,899,2687,,,,
1415323368.15984,pg_catalog,pg_conversion,0,0,0,0,0,0,0,0,0,0,0,0,0,0,,,,
1415323368.15984,pg_catalog,pg_foreign_data_wrapper,0,0,0,0,0,0,0,0,0,0,0,0,0,0,,,,
1415323368.15984,pg_catalog,pg_opfamily,0,0,0,0,0,0,0,0,0,0,0,0,0,0,,,,
1415323368.15984,pg_catalog,pg_shdescription,0,0,0,0,0,0,0,0,0,0,0,0,0,0,0,0,0,0
1415323368.15984,pg_catalog,pg_tablespace,2,4,12016,12016,0,0,0,0,0,0,74,11944,148,23884,,,,
1415323368.15984,pg_catalog,pg_inherits,0,0,481,0,0,0,0,0,0,0,0,0,233,248,,,,
1415323368.15984,pg_toast,pg_toast_2606,0,0,0,0,0,0,0,0,0,0,0,0,0,0,,,,
1415323368.15984,pg_toast,pg_toast_2964,0,0,0,0,0,0,0,0,0,0,0,0,0,0,,,,
1415323368.15984,pg_catalog,pg_database,1371,5301,59822,59820,1,0,0,0,1,0,19,61173,217,94279,,,,
1415323368.15984,pg_toast,pg_toast_2620,0,0,0,0,0,0,0,0,0,0,0,0,0,0,,,,
1415323368.15984,information_schema,sql_sizing,0,0,,,0,0,0,0,0,0,0,0,,,0,0,0,0
1415323368.15984,pg_catalog,pg_amproc,214,428,72711,108181,0,0,0,0,0,0,180,71044,158,162148,,,,
1415323368.15984,public,nation,2,50,0,0,25,0,0,0,25,0,1,3,0,0,,,,
1415323368.15984,pg_catalog,pg_collation,0,0,0,0,0,0,0,0,0,0,0,0,0,0,,,,
1415323368.15984,pg_catalog,pg_constraint,0,0,120,56,64,0,56,0,10,0,36,345,64,628,0,0,0,0
1415323368.15984,pg_catalog,pg_range,0,0,3843,0,0,0,0,0,0,0,0,0,569,7117,,,,
1415323368.15984,pg_toast,pg_toast_11600,0,0,0,0,0,0,0,0,0,0,0,0,0,0,,,,
1415323368.15984,pg_toast,pg_toast_11590,0,0,0,0,0,0,0,0,0,0,0,0,0,0,,,,
1415323368.15984,public,time_statistics,0,0,,,1,0,0,0,1,0,1,0,,,,,,
1415323368.15984,public,orders,4,60000000,0,0,15000000,0,0,0,15000000,0,504554,1558780,0,0,,,,
1415323368.15984,information_schema,sql_implementation_info,0,0,,,0,0,0,0,0,0,0,0,,,0,0,0,0
1415323368.15984,pg_catalog,pg_user_mapping,0,0,0,0,0,0,0,0,0,0,0,0,0,0,,,,
1415323368.15984,pg_catalog,pg_largeobject,0,0,0,0,0,0,0,0,0,0,0,0,0,0,,,,
1415323368.15984,pg_catalog,pg_namespace,1100,19264,86249,69812,20,0,0,0,20,0,90,70873,1240,103690,,,,
1415323368.15984,information_schema,sql_parts,0,0,,,0,0,0,0,0,0,0,0,,,0,0,0,0
1415323368.15984,pg_catalog,pg_authid,506,506,33068,33068,0,0,0,0,0,0,60,33514,246,65890,,,,
1415323368.15984,pg_catalog,pg_index,2555,246423,165264,239526,359,0,333,0,136,43,834,222431,334,191661,,,,
1415323368.15984,pg_catalog,pg_ts_dict,0,0,0,0,0,0,0,0,0,0,0,0,0,0,,,,
1415323368.15984,pg_catalog,pg_class,6234,1346160,435090,404633,850,274,814,260,324,98,1934,457426,688,859756,,,,
1415323368.15984,public,supplier,4,400000,0,0,100000,0,0,0,100000,0,2312,15648,0,0,,,,
1415323368.15984,pg_toast,pg_toast_2396,0,0,0,0,0,0,0,0,0,0,0,0,0,0,,,,
1415323368.15984,pg_catalog,pg_enum,0,0,0,0,0,0,0,0,0,0,0,0,0,0,,,,
1415323368.15984,pg_catalog,pg_db_role_setting,0,0,52053,0,0,0,0,0,0,0,0,0,54,51999,0,0,0,0
1415323368.15984,public,customer,6,9000000,0,0,1500000,0,0,0,1500000,0,68533,294857,0,0,,,,
1415323368.15984,pg_catalog,pg_seclabel,0,0,2099,0,0,0,0,0,0,0,0,0,201,1898,0,0,0,0
1415323368.15984,pg_toast,pg_toast_2609,0,0,0,0,0,0,0,0,0,0,0,0,0,0,,,,
1415323368.15984,pg_toast,pg_toast_1255,0,0,0,0,0,0,0,0,0,0,0,0,0,0,,,,
1415323368.15984,pg_catalog,pg_rewrite,0,0,4810,3988,274,0,274,0,106,69,2379,3707,998,7198,1400,1788,493,2271
1415323368.15984,pg_catalog,pg_ts_config,0,0,0,0,0,0,0,0,0,0,0,0,0,0,,,,
1415323368.15984,pg_catalog,pg_extension,0,0,0,0,0,0,0,0,0,0,0,0,0,0,,,,
1415323368.15984,pg_catalog,pg_amop,0,0,146470,212967,0,0,0,0,0,0,276,212691,906,311947,,,,
1415323368.15984,pg_catalog,pg_cast,0,0,529379,131145,0,0,0,0,0,0,200,130945,120,545252,,,,
1415323368.15984,pg_toast,pg_toast_2619,0,0,66676,222569,2453,0,2244,0,225,6,17456,89320,230,77828,,,,
1415323368.15984,pg_toast,pg_toast_11610,0,0,0,0,0,0,0,0,0,0,0,0,0,0,,,,
1415323368.15984,pg_toast,pg_toast_2604,0,0,0,0,0,0,0,0,0,0,0,0,0,0,,,,
1415323428.16171,pg_catalog,pg_auth_members,0,0,0,0,0,0,0,0,0,0,0,0,0,0,,,,
1415323428.16171,pg_catalog,pg_operator,0,0,126497,633054,0,0,0,0,0,0,1466,446291,1298,276342,,,,
1415323428.16171,pg_catalog,pg_aggregate,0,0,8667,8667,0,0,0,0,0,0,217,8450,564,14578,,,,
1415323428.16171,pg_catalog,pg_pltemplate,0,0,0,0,0,0,0,0,0,0,0,0,0,0,,,,
1415323428.16171,pg_toast,pg_toast_11615,0,0,0,0,0,0,0,0,0,0,0,0,0,0,,,,
1415323428.16171,pg_catalog,pg_description,0,0,2099,0,0,0,0,0,0,0,0,0,635,4044,0,0,0,0
1415323428.16171,pg_catalog,pg_language,0,0,0,0,0,0,0,0,0,0,0,0,0,0,,,,
1415323428.16171,pg_catalog,pg_ts_parser,0,0,0,0,0,0,0,0,0,0,0,0,0,0,,,,
1415323428.16171,public,part,6,12000000,0,0,2000000,0,0,0,2000000,0,79007,327715,0,0,,,,
1415323428.16171,pg_catalog,pg_shseclabel,0,0,0,0,0,0,0,0,0,0,0,0,0,0,,,,
1415323428.16171,public,region,2,10,0,0,5,0,0,0,5,0,1,3,0,0,,,,
1415323428.16171,pg_catalog,pg_foreign_table,0,0,0,0,0,0,0,0,0,0,0,0,0,0,,,,
1415323428.16171,pg_toast,pg_toast_11620,0,0,0,0,0,0,0,0,0,0,0,0,0,0,,,,
1415323428.16171,pg_catalog,pg_attrdef,0,0,0,0,0,0,0,0,0,0,0,0,0,0,0,0,0,0
1415323428.16171,pg_catalog,pg_ts_template,0,0,0,0,0,0,0,0,0,0,0,0,0,0,,,,
1415323428.16171,pg_catalog,pg_foreign_server,0,0,0,0,0,0,0,0,0,0,0,0,0,0,,,,
1415323428.16171,pg_catalog,pg_default_acl,0,0,1964,0,0,0,0,0,0,0,0,0,202,1762,,,,
1415323428.16171,public,lineitem,7,419902364,0,0,59986052,0,0,0,59986052,0,8412327,2419157,0,0,,,,
1415323428.16171,pg_toast,pg_toast_11595,0,0,0,0,0,0,0,0,0,0,0,0,0,0,,,,
1415323428.16171,information_schema,sql_packages,0,0,,,0,0,0,0,0,0,0,0,,,0,0,0,0
1415323428.16171,pg_catalog,pg_attribute,1177,7811,339669,751533,3063,80,2890,66,2420,8,6635,364382,1890,708402,,,,
1415323428.16171,pg_catalog,pg_statistic,0,0,92781,88930,646,1960,599,1574,496,130,6333,88144,711,199222,17456,89323,230,77834
1415323428.16171,pg_toast,pg_toast_2618,0,0,1832,5943,0,0,0,0,0,0,1400,1795,493,2277,,,,
1415323428.16171,pg_toast,pg_toast_3596,0,0,0,0,0,0,0,0,0,0,0,0,0,0,,,,
1415323428.16171,information_schema,sql_features,0,0,,,0,0,0,0,0,0,0,0,,,0,0,0,0
1415323428.16171,pg_catalog,pg_depend,0,0,20102,21586,3729,0,3644,0,6289,1141,3282,25166,5138,52020,,,,
1415323428.16171,pg_toast,pg_toast_11605,0,0,0,0,0,0,0,0,0,0,0,0,0,0,,,,
1415323428.16171,pg_catalog,pg_opclass,214,214,98904,1064192,0,0,0,0,0,0,128,380016,486,122437,,,,
1415323428.16171,pg_catalog,pg_proc,0,0,149842,221754,0,0,0,0,0,0,9872,156334,3593,331000,0,0,0,0
1415323428.16171,public,partsupp,3,24000000,0,0,8000000,0,0,0,8000000,0,340611,954509,0,0,,,,
1415323428.16171,pg_catalog,pg_trigger,0,0,0,0,0,0,0,0,0,0,0,0,0,0,0,0,0,0
1415323428.16171,information_schema,sql_languages,0,0,,,0,0,0,0,0,0,0,0,,,0,0,0,0
1415323428.16171,pg_catalog,pg_am,17249,17249,0,0,0,0,0,0,0,0,55,17194,0,0,,,,
1415323428.16171,pg_catalog,pg_largeobject_metadata,0,0,0,0,0,0,0,0,0,0,0,0,0,0,,,,
1415323428.16171,pg_catalog,pg_ts_config_map,0,0,0,0,0,0,0,0,0,0,0,0,0,0,,,,
1415323428.16171,pg_catalog,pg_type,0,0,378360,374682,974,0,955,0,349,79,1556,377225,2407,759003,,,,
1415323428.16171,information_schema,sql_sizing_profiles,0,0,,,0,0,0,0,0,0,0,0,,,0,0,0,0
1415323428.16171,pg_catalog,pg_shdepend,0,0,2612,512,0,0,0,0,0,0,229,283,899,2687,,,,
1415323428.16171,pg_catalog,pg_conversion,0,0,0,0,0,0,0,0,0,0,0,0,0,0,,,,
1415323428.16171,pg_catalog,pg_foreign_data_wrapper,0,0,0,0,0,0,0,0,0,0,0,0,0,0,,,,
1415323428.16171,pg_catalog,pg_opfamily,0,0,0,0,0,0,0,0,0,0,0,0,0,0,,,,
1415323428.16171,pg_catalog,pg_shdescription,0,0,0,0,0,0,0,0,0,0,0,0,0,0,0,0,0,0
1415323428.16171,pg_catalog,pg_tablespace,2,4,12021,12021,0,0,0,0,0,0,74,11949,148,23894,,,,
1415323428.16171,pg_catalog,pg_inherits,0,0,481,0,0,0,0,0,0,0,0,0,233,248,,,,
1415323428.16171,pg_toast,pg_toast_2606,0,0,0,0,0,0,0,0,0,0,0,0,0,0,,,,
1415323428.16171,pg_toast,pg_toast_2964,0,0,0,0,0,0,0,0,0,0,0,0,0,0,,,,
1415323428.16171,pg_catalog,pg_database,1374,5313,59852,59850,1,0,0,0,1,0,19,61206,217,94323,,,,
1415323428.16171,pg_toast,pg_toast_2620,0,0,0,0,0,0,0,0,0,0,0,0,0,0,,,,
1415323428.16171,information_schema,sql_sizing,0,0,,,0,0,0,0,0,0,0,0,,,0,0,0,0
1415323428.16171,pg_catalog,pg_amproc,214,428,72727,108206,0,0,0,0,0,0,180,71060,158,162186,,,,
1415323428.16171,public,nation,2,50,0,0,25,0,0,0,25,0,1,3,0,0,,,,
1415323428.16171,pg_catalog,pg_collation,0,0,0,0,0,0,0,0,0,0,0,0,0,0,,,,
1415323428.16171,pg_catalog,pg_constraint,0,0,120,56,64,0,56,0,10,0,36,345,64,628,0,0,0,0
1415323428.16171,pg_catalog,pg_range,0,0,3843,0,0,0,0,0,0,0,0,0,569,7117,,,,
1415323428.16171,pg_toast,pg_toast_11600,0,0,0,0,0,0,0,0,0,0,0,0,0,0,,,,
1415323428.16171,pg_toast,pg_toast_11590,0,0,0,0,0,0,0,0,0,0,0,0,0,0,,,,
1415323428.16171,public,time_statistics,0,0,,,1,0,0,0,1,0,1,0,,,,,,
1415323428.16171,public,orders,4,60000000,0,0,15000000,0,0,0,15000000,0,504554,1558780,0,0,,,,
1415323428.16171,information_schema,sql_implementation_info,0,0,,,0,0,0,0,0,0,0,0,,,0,0,0,0
1415323428.16171,pg_catalog,pg_user_mapping,0,0,0,0,0,0,0,0,0,0,0,0,0,0,,,,
1415323428.16171,pg_catalog,pg_largeobject,0,0,0,0,0,0,0,0,0,0,0,0,0,0,,,,
1415323428.16171,pg_catalog,pg_namespace,1102,19316,86401,69959,20,0,0,0,20,0,90,71022,1240,103849,,,,
1415323428.16171,information_schema,sql_parts,0,0,,,0,0,0,0,0,0,0,0,,,0,0,0,0
1415323428.16171,pg_catalog,pg_authid,507,507,33078,33078,0,0,0,0,0,0,60,33525,246,65910,,,,
1415323428.16171,pg_catalog,pg_index,2559,246967,165298,239570,359,0,333,0,136,43,834,222489,334,191706,,,,
1415323428.16171,pg_catalog,pg_ts_dict,0,0,0,0,0,0,0,0,0,0,0,0,0,0,,,,
1415323428.16171,pg_catalog,pg_class,6245,1349159,435422,404965,850,274,814,260,324,98,1934,457858,688,860432,,,,
1415323428.16171,public,supplier,4,400000,0,0,100000,0,0,0,100000,0,2312,15648,0,0,,,,
1415323428.16171,pg_toast,pg_toast_2396,0,0,0,0,0,0,0,0,0,0,0,0,0,0,,,,
1415323428.16171,pg_catalog,pg_enum,0,0,0,0,0,0,0,0,0,0,0,0,0,0,,,,
1415323428.16171,pg_catalog,pg_db_role_setting,0,0,52074,0,0,0,0,0,0,0,0,0,54,52020,0,0,0,0
1415323428.16171,public,customer,6,9000000,0,0,1500000,0,0,0,1500000,0,68533,294857,0,0,,,,
1415323428.16171,pg_catalog,pg_seclabel,0,0,2099,0,0,0,0,0,0,0,0,0,201,1898,0,0,0,0
1415323428.16171,pg_toast,pg_toast_2609,0,0,0,0,0,0,0,0,0,0,0,0,0,0,,,,
1415323428.16171,pg_toast,pg_toast_1255,0,0,0,0,0,0,0,0,0,0,0,0,0,0,,,,
1415323428.16171,pg_catalog,pg_rewrite,0,0,4817,3995,274,0,274,0,106,69,2379,3714,998,7210,1400,1795,493,2277
1415323428.16171,pg_catalog,pg_ts_config,0,0,0,0,0,0,0,0,0,0,0,0,0,0,,,,
1415323428.16171,pg_catalog,pg_extension,0,0,0,0,0,0,0,0,0,0,0,0,0,0,,,,
1415323428.16171,pg_catalog,pg_amop,0,0,146503,213008,0,0,0,0,0,0,276,212732,906,312021,,,,
1415323428.16171,pg_catalog,pg_cast,0,0,529447,131173,0,0,0,0,0,0,200,130973,120,545325,,,,
1415323428.16171,pg_toast,pg_toast_2619,0,0,66679,222575,2453,0,2244,0,225,6,17456,89323,230,77834,,,,
1415323428.16171,pg_toast,pg_toast_11610,0,0,0,0,0,0,0,0,0,0,0,0,0,0,,,,
1415323428.16171,pg_toast,pg_toast_2604,0,0,0,0,0,0,0,0,0,0,0,0,0,0,,,,
1415323488.16519,pg_catalog,pg_auth_members,0,0,0,0,0,0,0,0,0,0,0,0,0,0,,,,
1415323488.16519,pg_catalog,pg_operator,0,0,126514,633071,0,0,0,0,0,0,1466,446308,1298,276384,,,,
1415323488.16519,pg_catalog,pg_aggregate,0,0,8668,8668,0,0,0,0,0,0,217,8451,564,14580,,,,
1415323488.16519,pg_catalog,pg_pltemplate,0,0,0,0,0,0,0,0,0,0,0,0,0,0,,,,
1415323488.16519,pg_toast,pg_toast_11615,0,0,0,0,0,0,0,0,0,0,0,0,0,0,,,,
1415323488.16519,pg_catalog,pg_description,0,0,2099,0,0,0,0,0,0,0,0,0,635,4044,0,0,0,0
1415323488.16519,pg_catalog,pg_language,0,0,0,0,0,0,0,0,0,0,0,0,0,0,,,,
1415323488.16519,pg_catalog,pg_ts_parser,0,0,0,0,0,0,0,0,0,0,0,0,0,0,,,,
1415323488.16519,public,part,6,12000000,0,0,2000000,0,0,0,2000000,0,79007,327715,0,0,,,,
1415323488.16519,pg_catalog,pg_shseclabel,0,0,0,0,0,0,0,0,0,0,0,0,0,0,,,,
1415323488.16519,public,region,2,10,0,0,5,0,0,0,5,0,1,3,0,0,,,,
1415323488.16519,pg_catalog,pg_foreign_table,0,0,0,0,0,0,0,0,0,0,0,0,0,0,,,,
1415323488.16519,pg_toast,pg_toast_11620,0,0,0,0,0,0,0,0,0,0,0,0,0,0,,,,
1415323488.16519,pg_catalog,pg_attrdef,0,0,0,0,0,0,0,0,0,0,0,0,0,0,0,0,0,0
1415323488.16519,pg_catalog,pg_ts_template,0,0,0,0,0,0,0,0,0,0,0,0,0,0,,,,
1415323488.16519,pg_catalog,pg_foreign_server,0,0,0,0,0,0,0,0,0,0,0,0,0,0,,,,
1415323488.16519,pg_catalog,pg_default_acl,0,0,1964,0,0,0,0,0,0,0,0,0,202,1762,,,,
1415323488.16519,public,lineitem,8,479888416,0,0,59986052,0,0,0,59986052,0,9431229,2465672,0,0,,,,
1415323488.16519,pg_toast,pg_toast_11595,0,0,0,0,0,0,0,0,0,0,0,0,0,0,,,,
1415323488.16519,information_schema,sql_packages,0,0,,,0,0,0,0,0,0,0,0,,,0,0,0,0
1415323488.16519,pg_catalog,pg_attribute,1177,7811,339875,751979,3066,80,2890,66,2423,8,6635,364595,1890,708833,,,,
1415323488.16519,pg_catalog,pg_statistic,0,0,92806,88949,646,1960,599,1574,496,130,6333,88163,711,199277,17456,89326,230,77840
1415323488.16519,pg_toast,pg_toast_2618,0,0,1836,5956,0,0,0,0,0,0,1400,1802,493,2283,,,,
1415323488.16519,pg_toast,pg_toast_3596,0,0,0,0,0,0,0,0,0,0,0,0,0,0,,,,
1415323488.16519,information_schema,sql_features,0,0,,,0,0,0,0,0,0,0,0,,,0,0,0,0
1415323488.16519,pg_catalog,pg_depend,0,0,20108,21592,3732,0,3644,0,6292,1141,3282,25178,5138,52046,,,,
1415323488.16519,pg_toast,pg_toast_11605,0,0,0,0,0,0,0,0,0,0,0,0,0,0,,,,
1415323488.16519,pg_catalog,pg_opclass,214,214,98930,1064494,0,0,0,0,0,0,128,380105,486,122473,,,,
1415323488.16519,pg_catalog,pg_proc,0,0,149918,221865,0,0,0,0,0,0,9872,156425,3593,331167,0,0,0,0
1415323488.16519,public,partsupp,3,24000000,0,0,8000000,0,0,0,8000000,0,340611,954509,0,0,,,,
1415323488.16519,pg_catalog,pg_trigger,0,0,0,0,0,0,0,0,0,0,0,0,0,0,0,0,0,0
1415323488.16519,information_schema,sql_languages,0,0,,,0,0,0,0,0,0,0,0,,,0,0,0,0
1415323488.16519,pg_catalog,pg_am,17256,17256,0,0,0,0,0,0,0,0,55,17201,0,0,,,,
1415323488.16519,pg_catalog,pg_largeobject_metadata,0,0,0,0,0,0,0,0,0,0,0,0,0,0,,,,
1415323488.16519,pg_catalog,pg_ts_config_map,0,0,0,0,0,0,0,0,0,0,0,0,0,0,,,,
1415323488.16519,pg_catalog,pg_type,0,0,378453,374775,974,0,955,0,349,79,1556,377318,2407,759195,,,,
1415323488.16519,information_schema,sql_sizing_profiles,0,0,,,0,0,0,0,0,0,0,0,,,0,0,0,0
1415323488.16519,pg_catalog,pg_shdepend,0,0,2612,512,0,0,0,0,0,0,229,283,899,2687,,,,
1415323488.16519,pg_catalog,pg_conversion,0,0,0,0,0,0,0,0,0,0,0,0,0,0,,,,
1415323488.16519,pg_catalog,pg_foreign_data_wrapper,0,0,0,0,0,0,0,0,0,0,0,0,0,0,,,,
1415323488.16519,pg_catalog,pg_opfamily,0,0,0,0,0,0,0,0,0,0,0,0,0,0,,,,
1415323488.16519,pg_catalog,pg_shdescription,0,0,0,0,0,0,0,0,0,0,0,0,0,0,0,0,0,0
1415323488.16519,pg_catalog,pg_tablespace,2,4,12026,12026,0,0,0,0,0,0,74,11954,148,23904,,,,
1415323488.16519,pg_catalog,pg_inherits,0,0,481,0,0,0,0,0,0,0,0,0,233,248,,,,
1415323488.16519,pg_toast,pg_toast_2606,0,0,0,0,0,0,0,0,0,0,0,0,0,0,,,,
1415323488.16519,pg_toast,pg_toast_2964,0,0,0,0,0,0,0,0,0,0,0,0,0,0,,,,
1415323488.16519,pg_catalog,pg_database,1377,5325,59881,59879,1,0,0,0,1,0,19,61238,217,94366,,,,
1415323488.16519,pg_toast,pg_toast_2620,0,0,0,0,0,0,0,0,0,0,0,0,0,0,,,,
1415323488.16519,information_schema,sql_sizing,0,0,,,0,0,0,0,0,0,0,0,,,0,0,0,0
1415323488.16519,pg_catalog,pg_amproc,214,428,72746,108236,0,0,0,0,0,0,180,71079,158,162230,,,,
1415323488.16519,public,nation,2,50,0,0,25,0,0,0,25,0,1,3,0,0,,,,
1415323488.16519,pg_catalog,pg_collation,0,0,0,0,0,0,0,0,0,0,0,0,0,0,,,,
1415323488.16519,pg_catalog,pg_constraint,0,0,120,56,64,0,56,0,10,0,36,345,64,628,0,0,0,0
1415323488.16519,pg_catalog,pg_range,0,0,3843,0,0,0,0,0,0,0,0,0,569,7117,,,,
1415323488.16519,pg_toast,pg_toast_11600,0,0,0,0,0,0,0,0,0,0,0,0,0,0,,,,
1415323488.16519,pg_toast,pg_toast_11590,0,0,0,0,0,0,0,0,0,0,0,0,0,0,,,,
1415323488.16519,public,time_statistics,0,0,,,1,0,0,0,1,0,1,0,,,,,,
1415323488.16519,public,orders,4,60000000,0,0,15000000,0,0,0,15000000,0,504554,1558780,0,0,,,,
1415323488.16519,information_schema,sql_implementation_info,0,0,,,0,0,0,0,0,0,0,0,,,0,0,0,0
1415323488.16519,pg_catalog,pg_user_mapping,0,0,0,0,0,0,0,0,0,0,0,0,0,0,,,,
1415323488.16519,pg_catalog,pg_largeobject,0,0,0,0,0,0,0,0,0,0,0,0,0,0,,,,
1415323488.16519,pg_catalog,pg_namespace,1104,19368,86555,70107,20,0,0,0,20,0,90,71172,1240,104011,,,,
1415323488.16519,information_schema,sql_parts,0,0,,,0,0,0,0,0,0,0,0,,,0,0,0,0
1415323488.16519,pg_catalog,pg_authid,508,508,33088,33088,0,0,0,0,0,0,60,33536,246,65930,,,,
1415323488.16519,pg_catalog,pg_index,2563,247511,165340,239626,360,0,333,0,137,43,834,222559,334,191762,,,,
1415323488.16519,pg_catalog,pg_ts_dict,0,0,0,0,0,0,0,0,0,0,0,0,0,0,,,,
1415323488.16519,pg_catalog,pg_class,6256,1352158,435775,405315,851,274,814,260,325,98,1934,458314,688,861155,,,,
1415323488.16519,public,supplier,4,400000,0,0,100000,0,0,0,100000,0,2312,15648,0,0,,,,
1415323488.16519,pg_toast,pg_toast_2396,0,0,0,0,0,0,0,0,0,0,0,0,0,0,,,,
1415323488.16519,pg_catalog,pg_enum,0,0,0,0,0,0,0,0,0,0,0,0,0,0,,,,
1415323488.16519,pg_catalog,pg_db_role_setting,0,0,52095,0,0,0,0,0,0,0,0,0,54,52041,0,0,0,0
1415323488.16519,public,customer,6,9000000,0,0,1500000,0,0,0,1500000,0,68533,294857,0,0,,,,
1415323488.16519,pg_catalog,pg_seclabel,0,0,2099,0,0,0,0,0,0,0,0,0,201,1898,0,0,0,0
1415323488.16519,pg_toast,pg_toast_2609,0,0,0,0,0,0,0,0,0,0,0,0,0,0,,,,
1415323488.16519,pg_toast,pg_toast_1255,0,0,0,0,0,0,0,0,0,0,0,0,0,0,,,,
1415323488.16519,pg_catalog,pg_rewrite,0,0,4824,4002,274,0,274,0,106,69,2379,3721,998,7222,1400,1802,493,2283
1415323488.16519,pg_catalog,pg_ts_config,0,0,0,0,0,0,0,0,0,0,0,0,0,0,,,,
1415323488.16519,pg_catalog,pg_extension,0,0,0,0,0,0,0,0,0,0,0,0,0,0,,,,
1415323488.16519,pg_catalog,pg_amop,0,0,146536,213049,0,0,0,0,0,0,276,212773,906,312095,,,,
1415323488.16519,pg_catalog,pg_cast,0,0,529541,131208,0,0,0,0,0,0,200,131008,120,545425,,,,
1415323488.16519,pg_toast,pg_toast_2619,0,0,66682,222581,2453,0,2244,0,225,6,17456,89326,230,77840,,,,
1415323488.16519,pg_toast,pg_toast_11610,0,0,0,0,0,0,0,0,0,0,0,0,0,0,,,,
1415323488.16519,pg_toast,pg_toast_2604,0,0,0,0,0,0,0,0,0,0,0,0,0,0,,,,
